대여일자,대여구분코드,사용자수,이용건수
2022-01-01,단체권,189,415
2022-01-01,일일권(비회원),293,402
2022-01-01,일일권(회원),4388,5502
2022-01-01,정기권,14646,22866
2022-01-02,단체권,126,262
2022-01-02,일일권(비회원),198,232
2022-01-02,일일권(회원),4138,5097
2022-01-02,정기권,14758,23322
2022-01-03,단체권,66,131
2022-01-03,일일권(비회원),207,243
2022-01-03,일일권(회원),4351,5363
2022-01-03,정기권,23382,47836
2022-01-04,단체권,76,152
2022-01-04,일일권(비회원),200,238
2022-01-04,일일권(회원),4302,5224
2022-01-04,정기권,24224,50730
2022-01-05,단체권,85,175
2022-01-05,일일권(비회원),164,193
2022-01-05,일일권(회원),4535,5505
2022-01-05,정기권,24428,51540
2022-01-06,단체권,76,149
2022-01-06,일일권(비회원),242,311
2022-01-06,일일권(회원),5038,6250
2022-01-06,정기권,24831,53004
2022-01-07,단체권,119,252
2022-01-07,일일권(비회원),244,314
2022-01-07,일일권(회원),5312,6743
2022-01-07,정기권,24764,53113
2022-01-08,단체권,207,443
2022-01-08,일일권(비회원),290,384
2022-01-08,일일권(회원),6000,7997
2022-01-08,정기권,20104,36542
2022-01-09,단체권,247,542
2022-01-09,일일권(비회원),331,499
2022-01-09,일일권(회원),5974,7955
2022-01-09,정기권,17318,29307
2022-01-10,단체권,95,191
2022-01-10,일일권(비회원),233,291
2022-01-10,일일권(회원),5009,6280
2022-01-10,정기권,24338,51944
2022-01-11,단체권,33,75
2022-01-11,일일권(비회원),86,97
2022-01-11,일일권(회원),2601,2980
2022-01-11,정기권,19610,36563
2022-01-12,단체권,39,76
2022-01-12,일일권(비회원),98,114
2022-01-12,일일권(회원),3177,3666
2022-01-12,정기권,21307,41448
2022-01-13,단체권,36,80
2022-01-13,일일권(비회원),113,133
2022-01-13,일일권(회원),2983,3446
2022-01-13,정기권,21077,40222
2022-01-14,단체권,72,153
2022-01-14,일일권(비회원),190,234
2022-01-14,일일권(회원),4075,4886
2022-01-14,정기권,22505,44814
2022-01-15,단체권,164,365
2022-01-15,일일권(비회원),265,356
2022-01-15,일일권(회원),5399,6983
2022-01-15,정기권,19330,34116
2022-01-16,단체권,179,380
2022-01-16,일일권(비회원),249,330
2022-01-16,일일권(회원),4756,5916
2022-01-16,정기권,15990,25807
2022-01-17,단체권,37,72
2022-01-17,일일권(비회원),94,104
2022-01-17,일일권(회원),2590,2906
2022-01-17,정기권,18867,33523
2022-01-18,단체권,54,115
2022-01-18,일일권(비회원),147,179
2022-01-18,일일권(회원),3261,3802
2022-01-18,정기권,21503,41922
2022-01-19,단체권,16,33
2022-01-19,일일권(비회원),48,53
2022-01-19,일일권(회원),1580,1731
2022-01-19,정기권,15571,25287
2022-01-20,단체권,54,111
2022-01-20,일일권(비회원),121,146
2022-01-20,일일권(회원),3154,3701
2022-01-20,정기권,19922,37610
2022-01-21,단체권,62,138
2022-01-21,일일권(비회원),218,269
2022-01-21,일일권(회원),4536,5603
2022-01-21,정기권,22584,45209
2022-01-22,단체권,200,442
2022-01-22,일일권(비회원),330,462
2022-01-22,일일권(회원),6441,8575
2022-01-22,정기권,19593,34825
2022-01-23,단체권,324,737
2022-01-23,일일권(비회원),359,533
2022-01-23,일일권(회원),6949,9610
2022-01-23,정기권,17970,30824
2022-01-24,단체권,140,275
2022-01-24,일일권(비회원),311,419
2022-01-24,일일권(회원),6255,8289
2022-01-24,정기권,25289,54911
2022-01-25,단체권,95,195
2022-01-25,일일권(비회원),206,262
2022-01-25,일일권(회원),4309,5314
2022-01-25,정기권,21755,42220
2022-01-26,단체권,122,251
2022-01-26,일일권(비회원),302,397
2022-01-26,일일권(회원),6008,7847
2022-01-26,정기권,25438,54751
2022-01-27,단체권,134,257
2022-01-27,일일권(비회원),244,307
2022-01-27,일일권(회원),5574,7050
2022-01-27,정기권,24738,51799
2022-01-28,단체권,104,221
2022-01-28,일일권(비회원),263,324
2022-01-28,일일권(회원),5527,6993
2022-01-28,정기권,23857,48612
2022-01-29,단체권,191,397
2022-01-29,일일권(비회원),237,310
2022-01-29,일일권(회원),5122,6404
2022-01-29,정기권,18270,30913
2022-01-30,단체권,270,630
2022-01-30,일일권(비회원),312,432
2022-01-30,일일권(회원),5144,6411
2022-01-30,정기권,15598,24418
2022-01-31,단체권,301,691
2022-01-31,일일권(비회원),328,476
2022-01-31,일일권(회원),5518,6981
2022-01-31,정기권,14237,21405
2022-02-01,단체권,79,175
2022-02-01,일일권(비회원),118,136
2022-02-01,일일권(회원),2364,2737
2022-02-01,정기권,8365,11164
2022-02-02,단체권,210,472
2022-02-02,일일권(비회원),239,295
2022-02-02,일일권(회원),4570,5665
2022-02-02,정기권,14466,22311
2022-02-03,단체권,68,124
2022-02-03,일일권(비회원),158,194
2022-02-03,일일권(회원),4097,4948
2022-02-03,정기권,21793,41573
2022-02-04,단체권,64,126
2022-02-04,일일권(비회원),156,185
2022-02-04,일일권(회원),3811,4477
2022-02-04,정기권,21549,40999
2022-02-05,단체권,100,203
2022-02-05,일일권(비회원),145,173
2022-02-05,일일권(회원),3646,4351
2022-02-05,정기권,16345,26612
2022-02-06,단체권,157,347
2022-02-06,일일권(비회원),212,264
2022-02-06,일일권(회원),4505,5586
2022-02-06,정기권,15587,24882
2022-02-07,단체권,68,138
2022-02-07,일일권(비회원),180,217
2022-02-07,일일권(회원),4358,5375
2022-02-07,정기권,23309,46723
2022-02-08,단체권,88,200
2022-02-08,일일권(비회원),256,324
2022-02-08,일일권(회원),5255,6618
2022-02-08,정기권,24700,51785
2022-02-09,단체권,117,245
2022-02-09,일일권(비회원),306,428
2022-02-09,일일권(회원),5943,7740
2022-02-09,정기권,25561,54482
2022-02-10,단체권,140,286
2022-02-10,일일권(비회원),296,418
2022-02-10,일일권(회원),6175,8266
2022-02-10,정기권,25734,55956
2022-02-11,단체권,190,414
2022-02-11,일일권(비회원),362,502
2022-02-11,일일권(회원),7269,9958
2022-02-11,정기권,25885,56130
2022-02-12,단체권,414,912
2022-02-12,일일권(비회원),532,903
2022-02-12,일일권(회원),9369,14560
2022-02-12,정기권,21911,42164
2022-02-13,단체권,491,1151
2022-02-13,일일권(비회원),571,989
2022-02-13,일일권(회원),9129,14026
2022-02-13,정기권,20031,36223
2022-02-14,단체권,87,181
2022-02-14,일일권(비회원),213,269
2022-02-14,일일권(회원),4441,5414
2022-02-14,정기권,21483,40903
2022-02-15,단체권,59,120
2022-02-15,일일권(비회원),156,191
2022-02-15,일일권(회원),3612,4285
2022-02-15,정기권,22200,43160
2022-02-16,단체권,39,91
2022-02-16,일일권(비회원),138,155
2022-02-16,일일권(회원),3031,3493
2022-02-16,정기권,20723,38782
2022-02-17,단체권,67,146
2022-02-17,일일권(비회원),143,170
2022-02-17,일일권(회원),3575,4222
2022-02-17,정기권,21681,41657
2022-02-18,단체권,128,280
2022-02-18,일일권(비회원),283,373
2022-02-18,일일권(회원),5679,7313
2022-02-18,정기권,23941,48991
2022-02-19,단체권,185,425
2022-02-19,일일권(비회원),309,429
2022-02-19,일일권(회원),5552,7111
2022-02-19,정기권,18620,31688
2022-02-20,단체권,173,365
2022-02-20,일일권(비회원),228,288
2022-02-20,일일권(회원),4584,5719
2022-02-20,정기권,15417,24475
2022-02-21,단체권,61,125
2022-02-21,일일권(비회원),176,222
2022-02-21,일일권(회원),3856,4652
2022-02-21,정기권,22297,43681
2022-02-22,단체권,59,132
2022-02-22,일일권(비회원),170,209
2022-02-22,일일권(회원),3732,4476
2022-02-22,정기권,22280,43581
2022-02-23,단체권,70,134
2022-02-23,일일권(비회원),151,190
2022-02-23,일일권(회원),3614,4264
2022-02-23,정기권,22103,42646
2022-02-24,단체권,127,268
2022-02-24,일일권(비회원),229,292
2022-02-24,일일권(회원),4770,5977
2022-02-24,정기권,23423,47197
2022-02-25,단체권,159,320
2022-02-25,일일권(비회원),297,419
2022-02-25,일일권(회원),6443,8678
2022-02-25,정기권,24900,52156
2022-02-26,단체권,197,418
2022-02-26,일일권(비회원),292,384
2022-02-26,일일권(회원),5334,6804
2022-02-26,정기권,18286,30797
2022-02-27,단체권,588,1411
2022-02-27,일일권(비회원),606,1085
2022-02-27,일일권(회원),9764,15481
2022-02-27,정기권,19626,34979
2022-02-28,단체권,342,760
2022-02-28,일일권(비회원),457,773
2022-02-28,일일권(회원),8680,13352
2022-02-28,정기권,26110,57657
2022-03-01,단체권,455,1020
2022-03-01,일일권(비회원),478,747
2022-03-01,일일권(회원),8196,12279
2022-03-01,정기권,19743,35702
2022-03-02,단체권,150,308
2022-03-02,일일권(비회원),363,466
2022-03-02,일일권(회원),7021,9622
2022-03-02,정기권,26754,60228
2022-03-03,단체권,174,359
2022-03-03,일일권(비회원),424,625
2022-03-03,일일권(회원),8045,11603
2022-03-03,정기권,27995,65113
2022-03-04,단체권,152,322
2022-03-04,일일권(비회원),344,443
2022-03-04,일일권(회원),7217,10082
2022-03-04,정기권,27269,62120
2022-03-05,단체권,364,776
2022-03-05,일일권(비회원),458,683
2022-03-05,일일권(회원),8246,11879
2022-03-05,정기권,22080,42649
2022-03-06,단체권,536,1305
2022-03-06,일일권(비회원),545,919
2022-03-06,일일권(회원),9275,14099
2022-03-06,정기권,20513,37552
2022-03-07,단체권,145,287
2022-03-07,일일권(비회원),318,424
2022-03-07,일일권(회원),6602,9009
2022-03-07,정기권,27322,62358
2022-03-08,단체권,184,387
2022-03-08,일일권(비회원),431,623
2022-03-08,일일권(회원),8136,11773
2022-03-08,정기권,28594,68387
2022-03-09,단체권,885,2192
2022-03-09,일일권(비회원),900,1912
2022-03-09,일일권(회원),14093,28071
2022-03-09,정기권,25716,56447
2022-03-10,단체권,231,457
2022-03-10,일일권(비회원),494,736
2022-03-10,일일권(회원),8951,13769
2022-03-10,정기권,29312,71473
2022-03-11,단체권,340,745
2022-03-11,일일권(비회원),603,1122
2022-03-11,일일권(회원),10955,18842
2022-03-11,정기권,30357,76574
2022-03-12,단체권,821,1883
2022-03-12,일일권(비회원),856,1850
2022-03-12,일일권(회원),12833,23991
2022-03-12,정기권,25039,52980
2022-03-13,단체권,273,595
2022-03-13,일일권(비회원),382,552
2022-03-13,일일권(회원),6296,8729
2022-03-13,정기권,16514,27695
2022-03-14,단체권,90,178
2022-03-14,일일권(비회원),202,244
2022-03-14,일일권(회원),4053,4922
2022-03-14,정기권,22349,43033
2022-03-15,단체권,212,414
2022-03-15,일일권(비회원),480,726
2022-03-15,일일권(회원),8945,13802
2022-03-15,정기권,30111,75335
2022-03-16,단체권,245,501
2022-03-16,일일권(비회원),614,960
2022-03-16,일일권(회원),10055,16192
2022-03-16,정기권,31143,80498
2022-03-17,단체권,137,274
2022-03-17,일일권(비회원),414,577
2022-03-17,일일권(회원),7542,10220
2022-03-17,정기권,28540,65212
2022-03-18,단체권,150,308
2022-03-18,일일권(비회원),395,540
2022-03-18,일일권(회원),7365,10093
2022-03-18,정기권,28459,66914
2022-03-19,단체권,224,496
2022-03-19,일일권(비회원),347,473
2022-03-19,일일권(회원),5227,6952
2022-03-19,정기권,15929,25565
2022-03-20,단체권,738,1772
2022-03-20,일일권(비회원),785,1477
2022-03-20,일일권(회원),11387,18969
2022-03-20,정기권,22820,45178
2022-03-21,단체권,187,360
2022-03-21,일일권(비회원),394,533
2022-03-21,일일권(회원),7745,10799
2022-03-21,정기권,29710,73064
2022-03-22,단체권,208,424
2022-03-22,일일권(비회원),536,761
2022-03-22,일일권(회원),9223,14063
2022-03-22,정기권,31087,80802
2022-03-23,단체권,167,349
2022-03-23,일일권(비회원),362,481
2022-03-23,일일권(회원),7718,10717
2022-03-23,정기권,30413,75246
2022-03-24,단체권,238,500
2022-03-24,일일권(비회원),555,890
2022-03-24,일일권(회원),9098,14444
2022-03-24,정기권,30928,79102
2022-03-25,단체권,177,368
2022-03-25,일일권(비회원),466,670
2022-03-25,일일권(회원),8390,11775
2022-03-25,정기권,29089,67602
2022-03-26,단체권,599,1312
2022-03-26,일일권(비회원),725,1446
2022-03-26,일일권(회원),9981,16840
2022-03-26,정기권,21685,42309
2022-03-27,단체권,1092,2702
2022-03-27,일일권(비회원),968,2107
2022-03-27,일일권(회원),14544,28196
2022-03-27,정기권,25108,53811
2022-03-28,단체권,301,579
2022-03-28,일일권(비회원),565,966
2022-03-28,일일권(회원),10306,16871
2022-03-28,정기권,32048,85873
2022-03-29,단체권,327,714
2022-03-29,일일권(비회원),674,1151
2022-03-29,일일권(회원),11071,18854
2022-03-29,정기권,33097,92126
2022-03-30,단체권,177,350
2022-03-30,일일권(비회원),446,598
2022-03-30,일일권(회원),7978,11162
2022-03-30,정기권,30150,75721
2022-03-31,단체권,257,522
2022-03-31,일일권(비회원),652,1069
2022-03-31,일일권(회원),10630,17115
2022-03-31,정기권,33084,91822
2022-04-01,단체권,370,840
2022-04-01,일일권(비회원),765,1501
2022-04-01,일일권(회원),12382,22156
2022-04-01,정기권,33175,92837
2022-04-02,단체권,1161,2815
2022-04-02,일일권(비회원),1122,2981
2022-04-02,일일권(회원),15664,33480
2022-04-02,정기권,28632,68023
2022-04-03,단체권,1504,3734
2022-04-03,일일권(비회원),1227,3565
2022-04-03,일일권(회원),17222,39410
2022-04-03,정기권,27256,64646
2022-04-04,단체권,353,710
2022-04-04,일일권(비회원),729,1277
2022-04-04,일일권(회원),11172,18890
2022-04-04,정기권,33478,96770
2022-04-05,단체권,305,644
2022-04-05,일일권(비회원),727,1306
2022-04-05,일일권(회원),11478,19473
2022-04-05,정기권,34375,101435
2022-04-06,단체권,360,739
2022-04-06,일일권(비회원),776,1412
2022-04-06,일일권(회원),12079,21486
2022-04-06,정기권,34861,104173
2022-04-07,단체권,380,785
2022-04-07,일일권(비회원),789,1389
2022-04-07,일일권(회원),12395,21695
2022-04-07,정기권,34630,102928
2022-04-08,단체권,666,1511
2022-04-08,일일권(비회원),1068,2475
2022-04-08,일일권(회원),15121,31451
2022-04-08,정기권,35288,108108
2022-04-09,단체권,1978,5004
2022-04-09,일일권(비회원),1562,5591
2022-04-09,일일권(회원),19975,54540
2022-04-09,정기권,30753,82872
2022-04-10,단체권,2158,5392
2022-04-10,일일권(비회원),1631,5891
2022-04-10,일일권(회원),21195,59755
2022-04-10,정기권,29991,79850
2022-04-11,단체권,693,1425
2022-04-11,일일권(비회원),1047,2397
2022-04-11,일일권(회원),15000,31880
2022-04-11,정기권,35585,116052
2022-04-12,단체권,280,578
2022-04-12,일일권(비회원),775,1350
2022-04-12,일일권(회원),11521,18788
2022-04-12,정기권,33773,98286
2022-04-13,단체권,149,310
2022-04-13,일일권(비회원),456,622
2022-04-13,일일권(회원),7895,10914
2022-04-13,정기권,30442,80241
2022-04-14,단체권,271,551
2022-04-14,일일권(비회원),703,1110
2022-04-14,일일권(회원),10919,17485
2022-04-14,정기권,34738,103508
2022-04-15,단체권,476,992
2022-04-15,일일권(비회원),930,1927
2022-04-15,일일권(회원),14102,26702
2022-04-15,정기권,35564,111664
2022-04-16,단체권,1431,3378
2022-04-16,일일권(비회원),1376,3902
2022-04-16,일일권(회원),18065,42689
2022-04-16,정기권,31326,84272
2022-04-17,단체권,1601,3805
2022-04-17,일일권(비회원),1375,3886
2022-04-17,일일권(회원),18299,43866
2022-04-17,정기권,29921,78368
2022-04-18,단체권,420,855
2022-04-18,일일권(비회원),809,1424
2022-04-18,일일권(회원),12713,22400
2022-04-18,정기권,35715,114547
2022-04-19,단체권,323,633
2022-04-19,일일권(비회원),798,1373
2022-04-19,일일권(회원),12897,22633
2022-04-19,정기권,36425,119808
2022-04-20,단체권,348,714
2022-04-20,일일권(비회원),822,1431
2022-04-20,일일권(회원),13416,24036
2022-04-20,정기권,36497,121898
2022-04-21,단체권,337,708
2022-04-21,일일권(비회원),851,1518
2022-04-21,일일권(회원),13909,24971
2022-04-21,정기권,36810,121845
2022-04-22,단체권,317,689
2022-04-22,일일권(비회원),751,1185
2022-04-22,일일권(회원),12103,19900
2022-04-22,정기권,34988,107497
2022-04-23,단체권,1396,3307
2022-04-23,일일권(비회원),1394,4158
2022-04-23,일일권(회원),18698,45985
2022-04-23,정기권,32618,93120
2022-04-24,단체권,1514,3541
2022-04-24,일일권(비회원),1372,3633
2022-04-24,일일권(회원),18430,43731
2022-04-24,정기권,30508,82178
2022-04-25,단체권,319,621
2022-04-25,일일권(비회원),720,1178
2022-04-25,일일권(회원),11646,19026
2022-04-25,정기권,34943,109005
2022-04-26,단체권,391,839
2022-04-26,일일권(비회원),892,1684
2022-04-26,일일권(회원),13531,24320
2022-04-26,정기권,36659,125524
2022-04-27,단체권,443,908
2022-04-27,일일권(비회원),874,1642
2022-04-27,일일권(회원),13973,26061
2022-04-27,정기권,37088,127539
2022-04-28,단체권,468,974
2022-04-28,일일권(비회원),950,1784
2022-04-28,일일권(회원),14168,26346
2022-04-28,정기권,37334,127941
2022-04-29,단체권,505,1136
2022-04-29,일일권(비회원),804,1515
2022-04-29,일일권(회원),12390,21339
2022-04-29,정기권,32466,91331
2022-04-30,단체권,1190,2790
2022-04-30,일일권(비회원),1200,3072
2022-04-30,일일권(회원),16688,35095
2022-04-30,정기권,31283,84615
2022-05-01,단체권,1343,3251
2022-05-01,일일권(비회원),1283,3361
2022-05-01,일일권(회원),17653,38419
2022-05-01,정기권,29770,78773
2022-05-02,단체권,400,856
2022-05-02,일일권(비회원),847,1584
2022-05-02,일일권(회원),13587,24644
2022-05-02,정기권,37325,128783
2022-05-03,단체권,465,976
2022-05-03,일일권(비회원),902,1681
2022-05-03,일일권(회원),14105,25806
2022-05-03,정기권,37715,133167
2022-05-04,단체권,642,1502
2022-05-04,일일권(비회원),1119,2500
2022-05-04,일일권(회원),15702,31388
2022-05-04,정기권,37726,133979
2022-05-05,단체권,2143,5614
2022-05-05,일일권(비회원),1583,5717
2022-05-05,일일권(회원),20486,55301
2022-05-05,정기권,32209,94942
2022-05-06,단체권,1198,2860
2022-05-06,일일권(비회원),1300,3847
2022-05-06,일일권(회원),17523,38966
2022-05-06,정기권,36363,121916
2022-05-07,단체권,1517,3642
2022-05-07,일일권(비회원),1392,4207
2022-05-07,일일권(회원),18559,44312
2022-05-07,정기권,32009,91208
2022-05-08,단체권,886,2025
2022-05-08,일일권(비회원),985,1937
2022-05-08,일일권(회원),13200,22580
2022-05-08,정기권,25989,56907
2022-05-09,단체권,413,821
2022-05-09,일일권(비회원),930,1885
2022-05-09,일일권(회원),14302,27376
2022-05-09,정기권,37553,135542
2022-05-10,단체권,417,841
2022-05-10,일일권(비회원),983,1844
2022-05-10,일일권(회원),14797,27990
2022-05-10,정기권,38483,141286
2022-05-11,단체권,423,822
2022-05-11,일일권(비회원),995,1818
2022-05-11,일일권(회원),14695,27692
2022-05-11,정기권,38450,141856
2022-05-12,단체권,477,942
2022-05-12,일일권(비회원),1031,2014
2022-05-12,일일권(회원),15226,29030
2022-05-12,정기권,38467,141731
2022-05-13,단체권,638,1424
2022-05-13,일일권(비회원),1123,2460
2022-05-13,일일권(회원),16084,32260
2022-05-13,정기권,38122,137728
2022-05-14,단체권,1300,2926
2022-05-14,일일권(비회원),1364,3870
2022-05-14,일일권(회원),18537,42745
2022-05-14,정기권,33349,98434
2022-05-15,단체권,1670,3975
2022-05-15,일일권(비회원),1450,4362
2022-05-15,일일권(회원),19279,46499
2022-05-15,정기권,31808,91526
2022-05-16,단체권,460,880
2022-05-16,일일권(비회원),930,1778
2022-05-16,일일권(회원),14207,26946
2022-05-16,정기권,38229,140414
2022-05-17,단체권,400,800
2022-05-17,일일권(비회원),992,1865
2022-05-17,일일권(회원),14582,27292
2022-05-17,정기권,38747,144706
2022-05-18,단체권,385,756
2022-05-18,일일권(비회원),873,1475
2022-05-18,일일권(회원),13127,23438
2022-05-18,정기권,36645,122162
2022-05-19,단체권,430,897
2022-05-19,일일권(비회원),943,1722
2022-05-19,일일권(회원),14635,26995
2022-05-19,정기권,38515,141734
2022-05-20,단체권,615,1333
2022-05-20,일일권(비회원),1120,2364
2022-05-20,일일권(회원),16376,32575
2022-05-20,정기권,38583,141202
2022-05-21,단체권,1511,3424
2022-05-21,일일권(비회원),1399,4176
2022-05-21,일일권(회원),19287,46946
2022-05-21,정기권,34091,104426
2022-05-22,단체권,1718,3998
2022-05-22,일일권(비회원),1416,4086
2022-05-22,일일권(회원),19392,46590
2022-05-22,정기권,32217,94535
2022-05-23,단체권,468,904
2022-05-23,일일권(비회원),892,1675
2022-05-23,일일권(회원),13941,26003
2022-05-23,정기권,38197,140669
2022-05-24,단체권,428,842
2022-05-24,일일권(비회원),948,1767
2022-05-24,일일권(회원),14389,26395
2022-05-24,정기권,38953,147937
2022-05-25,단체권,253,512
2022-05-25,일일권(비회원),757,1233
2022-05-25,일일권(회원),11101,17714
2022-05-25,정기권,35961,114728
2022-05-26,단체권,464,936
2022-05-26,일일권(비회원),947,1750
2022-05-26,일일권(회원),14162,26200
2022-05-26,정기권,38668,143802
2022-05-27,단체권,577,1197
2022-05-27,일일권(비회원),1082,2270
2022-05-27,일일권(회원),16220,32841
2022-05-27,정기권,39038,147365
2022-05-28,단체권,1466,3292
2022-05-28,일일권(비회원),1440,4048
2022-05-28,일일권(회원),19470,46763
2022-05-28,정기권,34550,110263
2022-05-29,단체권,1624,3786
2022-05-29,일일권(비회원),1349,3547
2022-05-29,일일권(회원),18984,44251
2022-05-29,정기권,32664,97210
2022-05-30,단체권,374,714
2022-05-30,일일권(비회원),841,1399
2022-05-30,일일권(회원),13071,22433
2022-05-30,정기권,37796,136992
2022-05-31,단체권,559,1170
2022-05-31,일일권(비회원),1011,2043
2022-05-31,일일권(회원),15565,29979
2022-05-31,정기권,39390,150330
2022-06-01,단체권,1493,3567
2022-06-01,일일권(비회원),1467,4002
2022-06-01,일일권(회원),19792,48275
2022-06-01,정기권,35360,115810
2022-06-02,단체권,472,948
2022-06-02,일일권(비회원),975,1928
2022-06-02,일일권(회원),14672,27996
2022-06-02,정기권,38782,146714
2022-06-03,단체권,580,1237
2022-06-03,일일권(비회원),1030,2039
2022-06-03,일일권(회원),15843,30720
2022-06-03,정기권,38981,146773
2022-06-04,단체권,1273,2901
2022-06-04,일일권(비회원),1401,3673
2022-06-04,일일권(회원),18675,42915
2022-06-04,정기권,34681,108009
2022-06-05,단체권,1329,3098
2022-06-05,일일권(비회원),1283,3400
2022-06-05,일일권(회원),16977,34746
2022-06-05,정기권,31186,85171
2022-06-06,단체권,1506,3513
2022-06-06,일일권(비회원),1274,3197
2022-06-06,일일권(회원),17851,39716
2022-06-06,정기권,31470,90234
2022-06-07,단체권,427,821
2022-06-07,일일권(비회원),902,1707
2022-06-07,일일권(회원),14174,25511
2022-06-07,정기권,39330,151370
2022-06-08,단체권,384,761
2022-06-08,일일권(비회원),925,1586
2022-06-08,일일권(회원),14502,25544
2022-06-08,정기권,39624,155000
2022-06-09,단체권,339,692
2022-06-09,일일권(비회원),828,1366
2022-06-09,일일권(회원),12903,22009
2022-06-09,정기권,37324,126752
2022-06-10,단체권,399,798
2022-06-10,일일권(비회원),837,1393
2022-06-10,일일권(회원),12999,22038
2022-06-10,정기권,37825,130994
2022-06-11,단체권,1282,2873
2022-06-11,일일권(비회원),1347,3231
2022-06-11,일일권(회원),18484,41435
2022-06-11,정기권,35232,112579
2022-06-12,단체권,1367,3105
2022-06-12,일일권(비회원),1303,3174
2022-06-12,일일권(회원),17862,38931
2022-06-12,정기권,32862,98253
2022-06-13,단체권,415,822
2022-06-13,일일권(비회원),853,1414
2022-06-13,일일권(회원),13346,23059
2022-06-13,정기권,38558,144660
2022-06-14,단체권,294,575
2022-06-14,일일권(비회원),816,1448
2022-06-14,일일권(회원),12808,21430
2022-06-14,정기권,38743,143246
2022-06-15,단체권,104,209
2022-06-15,일일권(비회원),367,479
2022-06-15,일일권(회원),5825,7522
2022-06-15,정기권,27808,65278
2022-06-16,단체권,431,877
2022-06-16,일일권(비회원),881,1585
2022-06-16,일일권(회원),13360,23398
2022-06-16,정기권,37885,134114
2022-06-17,단체권,581,1171
2022-06-17,일일권(비회원),1043,1969
2022-06-17,일일권(회원),15504,28958
2022-06-17,정기권,39507,149295
2022-06-18,단체권,1227,2625
2022-06-18,일일권(비회원),1292,3067
2022-06-18,일일권(회원),17808,38055
2022-06-18,정기권,34943,109391
2022-06-19,단체권,1344,3063
2022-06-19,일일권(비회원),1304,3125
2022-06-19,일일권(회원),17898,38270
2022-06-19,정기권,33159,99006
2022-06-20,단체권,455,882
2022-06-20,일일권(비회원),941,1671
2022-06-20,일일권(회원),14367,26365
2022-06-20,정기권,39478,152148
2022-06-21,단체권,404,828
2022-06-21,일일권(비회원),925,1641
2022-06-21,일일권(회원),14087,25499
2022-06-21,정기권,39361,150622
2022-06-22,단체권,487,959
2022-06-22,일일권(비회원),986,1801
2022-06-22,일일권(회원),14614,27181
2022-06-22,정기권,39689,152242
2022-06-23,단체권,84,161
2022-06-23,일일권(비회원),319,403
2022-06-23,일일권(회원),5104,6365
2022-06-23,정기권,24082,47647
2022-06-24,단체권,470,977
2022-06-24,일일권(비회원),859,1545
2022-06-24,일일권(회원),13141,22989
2022-06-24,정기권,36886,126666
2022-06-25,단체권,1056,2309
2022-06-25,일일권(비회원),1184,2690
2022-06-25,일일권(회원),17003,35302
2022-06-25,정기권,34383,106467
2022-06-26,단체권,945,2005
2022-06-26,일일권(비회원),1121,2352
2022-06-26,일일권(회원),15460,29782
2022-06-26,정기권,31670,88334
2022-06-27,단체권,144,291
2022-06-27,일일권(비회원),479,626
2022-06-27,일일권(회원),7531,10326
2022-06-27,정기권,30930,83518
2022-06-28,단체권,169,327
2022-06-28,일일권(비회원),534,721
2022-06-28,일일권(회원),8354,11849
2022-06-28,정기권,33580,99106
2022-06-29,단체권,57,108
2022-06-29,일일권(비회원),193,219
2022-06-29,일일권(회원),3622,4220
2022-06-29,정기권,23612,48117
2022-06-30,단체권,11,23
2022-06-30,일일권(비회원),46,54
2022-06-30,일일권(회원),766,830
2022-06-30,정기권,6343,7889
2022-07-01,단체권,505,1085
2022-07-01,일일권(비회원),839,1386
2022-07-01,일일권(회원),14866,25199
2022-07-01,정기권,52430,129807
2022-07-02,단체권,859,1818
2022-07-02,일일권(비회원),1029,2010
2022-07-02,일일권(회원),17394,31876
2022-07-02,정기권,44091,96110
2022-07-03,단체권,829,1757
2022-07-03,일일권(비회원),979,1764
2022-07-03,일일권(회원),15959,28218
2022-07-03,정기권,40024,82731
2022-07-04,단체권,323,642
2022-07-04,일일권(비회원),751,1134
2022-07-04,일일권(회원),12657,20225
2022-07-04,정기권,51592,129494
2022-07-05,단체권,373,748
2022-07-05,일일권(비회원),663,989
2022-07-05,일일권(회원),12388,19463
2022-07-05,정기권,51518,128058
2022-07-06,단체권,330,635
2022-07-06,일일권(비회원),638,889
2022-07-06,일일권(회원),11711,17936
2022-07-06,정기권,50519,123189
2022-07-07,단체권,159,316
2022-07-07,일일권(비회원),473,637
2022-07-07,일일권(회원),9118,12961
2022-07-07,정기권,46083,102939
2022-07-08,단체권,427,874
2022-07-08,일일권(비회원),791,1254
2022-07-08,일일권(회원),13881,22705
2022-07-08,정기권,51266,125479
2022-07-09,단체권,921,2038
2022-07-09,일일권(비회원),983,1914
2022-07-09,일일권(회원),17747,32483
2022-07-09,정기권,44666,98198
2022-07-10,단체권,814,1736
2022-07-10,일일권(비회원),900,1559
2022-07-10,일일권(회원),15681,26992
2022-07-10,정기권,39012,80207
2022-07-11,단체권,359,707
2022-07-11,일일권(비회원),637,957
2022-07-11,일일권(회원),12068,19182
2022-07-11,정기권,50801,125319
2022-07-12,단체권,403,796
2022-07-12,일일권(비회원),759,1243
2022-07-12,일일권(회원),13904,22850
2022-07-12,정기권,54688,142420
2022-07-13,단체권,65,124
2022-07-13,일일권(비회원),184,245
2022-07-13,일일권(회원),2791,3411
2022-07-13,정기권,13935,18142
2022-07-14,단체권,357,750
2022-07-14,일일권(비회원),766,1213
2022-07-14,일일권(회원),13611,22012
2022-07-14,정기권,51839,128798
2022-07-15,단체권,512,1076
2022-07-15,일일권(비회원),898,1573
2022-07-15,일일권(회원),15852,27548
2022-07-15,정기권,53497,136946
2022-07-16,단체권,682,1429
2022-07-16,일일권(비회원),895,1622
2022-07-16,일일권(회원),14802,25750
2022-07-16,정기권,39874,81705
2022-07-17,단체권,1073,2420
2022-07-17,일일권(비회원),1060,2076
2022-07-17,일일권(회원),18383,33670
2022-07-17,정기권,42246,90465
2022-07-18,단체권,498,1011
2022-07-18,일일권(비회원),837,1441
2022-07-18,일일권(회원),14684,24745
2022-07-18,정기권,53781,139623
2022-07-19,단체권,461,949
2022-07-19,일일권(비회원),791,1334
2022-07-19,일일권(회원),14977,25124
2022-07-19,정기권,54450,141493
2022-07-20,단체권,351,702
2022-07-20,일일권(비회원),659,1008
2022-07-20,일일권(회원),12563,19422
2022-07-20,정기권,51119,123955
2022-07-21,단체권,402,812
2022-07-21,일일권(비회원),597,986
2022-07-21,일일권(회원),11760,17720
2022-07-21,정기권,43971,92931
2022-07-22,단체권,542,1118
2022-07-22,일일권(비회원),751,1242
2022-07-22,일일권(회원),14253,23173
2022-07-22,정기권,51787,127675
2022-07-23,단체권,423,865
2022-07-23,일일권(비회원),626,947
2022-07-23,일일권(회원),11240,16320
2022-07-23,정기권,34784,61694
2022-07-24,단체권,1017,2288
2022-07-24,일일권(비회원),864,1637
2022-07-24,일일권(회원),15943,27083
2022-07-24,정기권,40226,82208
2022-07-25,단체권,501,1012
2022-07-25,일일권(비회원),720,1156
2022-07-25,일일권(회원),13060,20774
2022-07-25,정기권,50236,122954
2022-07-26,단체권,459,938
2022-07-26,일일권(비회원),778,1319
2022-07-26,일일권(회원),14103,23113
2022-07-26,정기권,52625,135230
2022-07-27,단체권,501,1038
2022-07-27,일일권(비회원),847,1399
2022-07-27,일일권(회원),14293,23704
2022-07-27,정기권,52957,135155
2022-07-28,단체권,521,1081
2022-07-28,일일권(비회원),801,1304
2022-07-28,일일권(회원),13783,22524
2022-07-28,정기권,51792,130434
2022-07-29,단체권,507,1087
2022-07-29,일일권(비회원),762,1218
2022-07-29,일일권(회원),13764,22242
2022-07-29,정기권,50104,122621
2022-07-30,단체권,643,1407
2022-07-30,일일권(비회원),836,1457
2022-07-30,일일권(회원),13579,22478
2022-07-30,정기권,39876,82238
2022-07-31,단체권,162,341
2022-07-31,일일권(비회원),343,458
2022-07-31,일일권(회원),5097,6578
2022-07-31,정기권,16766,22437
2022-08-01,단체권,328,693
2022-08-01,일일권(비회원),598,951
2022-08-01,일일권(회원),10291,15025
2022-08-01,정기권,42743,91360
2022-08-02,단체권,97,191
2022-08-02,일일권(비회원),256,321
2022-08-02,일일권(회원),4613,5489
2022-08-02,정기권,30451,51522
2022-08-03,단체권,308,666
2022-08-03,일일권(비회원),553,897
2022-08-03,일일권(회원),10130,14392
2022-08-03,정기권,41741,86174
2022-08-04,단체권,442,950
2022-08-04,일일권(비회원),742,1185
2022-08-04,일일권(회원),13148,20732
2022-08-04,정기권,51687,125940
2022-08-05,단체권,486,1019
2022-08-05,일일권(비회원),767,1232
2022-08-05,일일권(회원),13522,21870
2022-08-05,정기권,50448,121734
2022-08-06,단체권,628,1363
2022-08-06,일일권(비회원),763,1241
2022-08-06,일일권(회원),13656,21823
2022-08-06,정기권,40468,81978
2022-08-07,단체권,676,1473
2022-08-07,일일권(비회원),790,1365
2022-08-07,일일권(회원),13657,21831
2022-08-07,정기권,37637,73269
2022-08-08,단체권,54,111
2022-08-08,일일권(비회원),159,190
2022-08-08,일일권(회원),2480,2865
2022-08-08,정기권,14181,18450
2022-08-09,일일권(비회원),2,2
2022-08-09,일일권(회원),24,24
2022-08-09,정기권,444,456
2022-08-10,단체권,248,503
2022-08-10,일일권(비회원),542,721
2022-08-10,일일권(회원),9278,13069
2022-08-10,정기권,43539,93857
2022-08-11,단체권,330,671
2022-08-11,일일권(비회원),550,796
2022-08-11,일일권(회원),10145,14869
2022-08-11,정기권,42700,92023
2022-08-12,단체권,551,1125
2022-08-12,일일권(비회원),754,1261
2022-08-12,일일권(회원),14142,23328
2022-08-12,정기권,50416,121381
2022-08-13,단체권,520,1094
2022-08-13,일일권(비회원),657,1078
2022-08-13,일일권(회원),11104,16805
2022-08-13,정기권,34910,63369
2022-08-14,단체권,692,1541
2022-08-14,일일권(비회원),732,1215
2022-08-14,일일권(회원),12790,19869
2022-08-14,정기권,35231,65153
2022-08-15,단체권,603,1310
2022-08-15,일일권(비회원),633,1032
2022-08-15,일일권(회원),11688,17531
2022-08-15,정기권,35090,64016
2022-08-16,단체권,450,985
2022-08-16,일일권(비회원),705,1210
2022-08-16,일일권(회원),13915,23197
2022-08-16,정기권,51946,128870
2022-08-17,단체권,401,829
2022-08-17,일일권(비회원),785,1325
2022-08-17,일일권(회원),13927,23081
2022-08-17,정기권,52933,132757
2022-08-18,단체권,493,1007
2022-08-18,일일권(비회원),744,1203
2022-08-18,일일권(회원),14301,23833
2022-08-18,정기권,53827,136134
2022-08-19,단체권,171,349
2022-08-19,일일권(비회원),368,443
2022-08-19,일일권(회원),7290,9481
2022-08-19,정기권,38615,73476
2022-08-20,단체권,869,1891
2022-08-20,일일권(비회원),884,1764
2022-08-20,일일권(회원),16050,28112
2022-08-20,정기권,43653,92698
2022-08-21,단체권,982,2124
2022-08-21,일일권(비회원),996,1868
2022-08-21,일일권(회원),17090,30808
2022-08-21,정기권,41725,87587
2022-08-22,단체권,358,691
2022-08-22,일일권(비회원),695,1065
2022-08-22,일일권(회원),12530,19618
2022-08-22,정기권,51336,124699
2022-08-23,단체권,380,763
2022-08-23,일일권(비회원),750,1264
2022-08-23,일일권(회원),13921,23030
2022-08-23,정기권,51825,127149
2022-08-24,단체권,512,1117
2022-08-24,일일권(비회원),849,1477
2022-08-24,일일권(회원),15555,27181
2022-08-24,정기권,55787,145082
2022-08-25,단체권,320,637
2022-08-25,일일권(비회원),618,942
2022-08-25,일일권(회원),11659,18219
2022-08-25,정기권,49468,115359
2022-08-26,단체권,621,1279
2022-08-26,일일권(비회원),900,1689
2022-08-26,일일권(회원),16716,30633
2022-08-26,정기권,55341,143679
2022-08-27,단체권,1731,4223
2022-08-27,일일권(비회원),1207,3139
2022-08-27,일일권(회원),24011,52977
2022-08-27,정기권,48493,112821
2022-08-28,단체권,1898,4564
2022-08-28,일일권(비회원),1189,3025
2022-08-28,일일권(회원),23721,51117
2022-08-28,정기권,45395,101713
2022-08-29,단체권,370,739
2022-08-29,일일권(비회원),631,993
2022-08-29,일일권(회원),11411,18186
2022-08-29,정기권,42923,88949
2022-08-30,단체권,37,73
2022-08-30,일일권(비회원),118,132
2022-08-30,일일권(회원),2063,2374
2022-08-30,정기권,11321,14234
2022-08-31,단체권,507,1071
2022-08-31,일일권(비회원),749,1246
2022-08-31,일일권(회원),14790,25208
2022-08-31,정기권,54494,136775
2022-09-01,단체권,496,1022
2022-09-01,일일권(비회원),822,1373
2022-09-01,일일권(회원),15950,28481
2022-09-01,정기권,56438,148459
2022-09-02,단체권,591,1264
2022-09-02,일일권(비회원),945,1859
2022-09-02,일일권(회원),18187,34440
2022-09-02,정기권,57181,150427
2022-09-03,단체권,1454,3399
2022-09-03,일일권(비회원),1170,2878
2022-09-03,일일권(회원),22666,48540
2022-09-03,정기권,49541,115871
2022-09-04,단체권,232,448
2022-09-04,일일권(비회원),442,612
2022-09-04,일일권(회원),6473,8860
2022-09-04,정기권,20548,29426
2022-09-05,단체권,8,13
2022-09-05,일일권(비회원),30,35
2022-09-05,일일권(회원),534,560
2022-09-05,정기권,4193,4600
2022-09-06,단체권,471,1014
2022-09-06,일일권(비회원),725,1112
2022-09-06,일일권(회원),14252,23621
2022-09-06,정기권,49420,116595
2022-09-07,단체권,453,903
2022-09-07,일일권(비회원),825,1354
2022-09-07,일일권(회원),16206,28876
2022-09-07,정기권,56325,148771
2022-09-08,단체권,685,1404
2022-09-08,일일권(비회원),943,1682
2022-09-08,일일권(회원),18035,33600
2022-09-08,정기권,56111,147127
2022-09-09,단체권,1411,3303
2022-09-09,일일권(비회원),1075,2331
2022-09-09,일일권(회원),19491,36853
2022-09-09,정기권,40170,80727
2022-09-10,단체권,1692,4225
2022-09-10,일일권(비회원),1148,2703
2022-09-10,일일권(회원),20154,37536
2022-09-10,정기권,34517,64222
2022-09-11,단체권,1529,3742
2022-09-11,일일권(비회원),965,2170
2022-09-11,일일권(회원),18675,33485
2022-09-11,정기권,36347,68361
2022-09-12,단체권,1763,4360
2022-09-12,일일권(비회원),1092,2467
2022-09-12,일일권(회원),22718,45434
2022-09-12,정기권,44928,99578
2022-09-13,단체권,437,860
2022-09-13,일일권(비회원),739,1120
2022-09-13,일일권(회원),14503,23978
2022-09-13,정기권,54836,141699
2022-09-14,단체권,339,690
2022-09-14,일일권(비회원),748,1145
2022-09-14,일일권(회원),14804,24888
2022-09-14,정기권,57364,152909
2022-09-15,단체권,397,780
2022-09-15,일일권(비회원),782,1232
2022-09-15,일일권(회원),15331,26052
2022-09-15,정기권,57860,155957
2022-09-16,단체권,223,454
2022-09-16,일일권(비회원),615,838
2022-09-16,일일권(회원),11371,16722
2022-09-16,정기권,49646,114163
2022-09-17,단체권,1180,2781
2022-09-17,일일권(비회원),1079,2409
2022-09-17,일일권(회원),19683,38183
2022-09-17,정기권,46550,103890
2022-09-18,단체권,1287,2921
2022-09-18,일일권(비회원),1116,2408
2022-09-18,일일권(회원),20667,40112
2022-09-18,정기권,45590,101404
2022-09-19,단체권,419,848
2022-09-19,일일권(비회원),840,1471
2022-09-19,일일권(회원),15555,26971
2022-09-19,정기권,57429,153895
2022-09-20,단체권,435,897
2022-09-20,일일권(비회원),855,1463
2022-09-20,일일권(회원),16274,28164
2022-09-20,정기권,59086,161123
2022-09-21,단체권,403,816
2022-09-21,일일권(비회원),848,1476
2022-09-21,일일권(회원),16340,28723
2022-09-21,정기권,59109,160537
2022-09-22,단체권,414,852
2022-09-22,일일권(비회원),882,1501
2022-09-22,일일권(회원),16501,28760
2022-09-22,정기권,58823,158172
2022-09-23,단체권,511,1080
2022-09-23,일일권(비회원),898,1540
2022-09-23,일일권(회원),16546,28801
2022-09-23,정기권,56993,147559
2022-09-24,단체권,1634,3724
2022-09-24,일일권(비회원),1274,3223
2022-09-24,일일권(회원),23559,50615
2022-09-24,정기권,50517,119156
2022-09-25,단체권,1720,4145
2022-09-25,일일권(비회원),1201,2859
2022-09-25,일일권(회원),23595,49381
2022-09-25,정기권,47254,106357
2022-09-26,단체권,457,892
2022-09-26,일일권(비회원),855,1443
2022-09-26,일일권(회원),16048,27993
2022-09-26,정기권,58634,157242
2022-09-27,단체권,431,836
2022-09-27,일일권(비회원),819,1436
2022-09-27,일일권(회원),15994,27680
2022-09-27,정기권,59276,160719
2022-09-28,단체권,399,847
2022-09-28,일일권(비회원),820,1370
2022-09-28,일일권(회원),16211,27898
2022-09-28,정기권,59423,161484
2022-09-29,단체권,451,918
2022-09-29,일일권(비회원),790,1299
2022-09-29,일일권(회원),15730,27002
2022-09-29,정기권,58610,156984
2022-09-30,단체권,646,1365
2022-09-30,일일권(비회원),918,1687
2022-09-30,일일권(회원),17518,31466
2022-09-30,정기권,59002,158119
2022-10-01,단체권,1408,3261
2022-10-01,일일권(비회원),1179,2856
2022-10-01,일일권(회원),22262,45832
2022-10-01,정기권,49574,115197
2022-10-02,단체권,718,1604
2022-10-02,일일권(비회원),721,1295
2022-10-02,일일권(회원),12400,18850
2022-10-02,정기권,31672,52756
2022-10-03,단체권,35,69
2022-10-03,일일권(비회원),97,113
2022-10-03,일일권(회원),1319,1464
2022-10-03,정기권,7802,9162
2022-10-04,단체권,233,487
2022-10-04,일일권(비회원),548,799
2022-10-04,일일권(회원),11444,16941
2022-10-04,정기권,52771,127871
2022-10-05,단체권,316,660
2022-10-05,일일권(비회원),714,1092
2022-10-05,일일권(회원),14682,24111
2022-10-05,정기권,58541,153960
2022-10-06,단체권,320,666
2022-10-06,일일권(비회원),690,1073
2022-10-06,일일권(회원),13873,22039
2022-10-06,정기권,56908,145602
2022-10-07,단체권,562,1265
2022-10-07,일일권(비회원),851,1524
2022-10-07,일일권(회원),16494,28460
2022-10-07,정기권,58079,150714
2022-10-08,단체권,1648,3930
2022-10-08,일일권(비회원),1213,3171
2022-10-08,일일권(회원),23468,47819
2022-10-08,정기권,49283,111818
2022-10-09,단체권,151,281
2022-10-09,일일권(비회원),335,465
2022-10-09,일일권(회원),4833,6278
2022-10-09,정기권,13769,17943
2022-10-10,단체권,406,933
2022-10-10,일일권(비회원),460,707
2022-10-10,일일권(회원),9220,12572
2022-10-10,정기권,33417,58274
2022-10-11,단체권,283,596
2022-10-11,일일권(비회원),623,937
2022-10-11,일일권(회원),12479,18877
2022-10-11,정기권,55442,137105
2022-10-12,단체권,366,768
2022-10-12,일일권(비회원),705,1129
2022-10-12,일일권(회원),13867,21809
2022-10-12,정기권,57665,147555
2022-10-13,단체권,352,702
2022-10-13,일일권(비회원),754,1300
2022-10-13,일일권(회원),14618,23725
2022-10-13,정기권,58204,149967
2022-10-14,단체권,508,1055
2022-10-14,일일권(비회원),831,1497
2022-10-14,일일권(회원),16406,27932
2022-10-14,정기권,57909,149920
2022-10-15,단체권,1410,3325
2022-10-15,일일권(비회원),1055,2316
2022-10-15,일일권(회원),21464,42274
2022-10-15,정기권,49673,112591
2022-10-16,단체권,1256,2849
2022-10-16,일일권(비회원),1036,2189
2022-10-16,일일권(회원),19374,35851
2022-10-16,정기권,44441,93793
2022-10-17,단체권,261,477
2022-10-17,일일권(비회원),581,869
2022-10-17,일일권(회원),11837,17680
2022-10-17,정기권,53766,130584
2022-10-18,단체권,234,442
2022-10-18,일일권(비회원),583,853
2022-10-18,일일권(회원),11543,16906
2022-10-18,정기권,55021,134116
2022-10-19,단체권,328,680
2022-10-19,일일권(비회원),673,1054
2022-10-19,일일권(회원),12675,19556
2022-10-19,정기권,55934,138358
2022-10-20,단체권,309,692
2022-10-20,일일권(비회원),749,1125
2022-10-20,일일권(회원),13553,21136
2022-10-20,정기권,56442,140142
2022-10-21,단체권,418,873
2022-10-21,일일권(비회원),786,1382
2022-10-21,일일권(회원),15371,25394
2022-10-21,정기권,56394,140059
2022-10-22,단체권,1247,2776
2022-10-22,일일권(비회원),1055,2277
2022-10-22,일일권(회원),19945,37234
2022-10-22,정기권,48104,104610
2022-10-23,단체권,1165,2635
2022-10-23,일일권(비회원),975,1973
2022-10-23,일일권(회원),19094,33608
2022-10-23,정기권,42976,86326
2022-10-24,단체권,298,602
2022-10-24,일일권(비회원),556,812
2022-10-24,일일권(회원),11763,17377
2022-10-24,정기권,53772,129173
2022-10-25,단체권,220,447
2022-10-25,일일권(비회원),631,949
2022-10-25,일일권(회원),12514,18858
2022-10-25,정기권,56172,137564
2022-10-26,단체권,271,560
2022-10-26,일일권(비회원),687,1062
2022-10-26,일일권(회원),13281,20851
2022-10-26,정기권,56663,140556
2022-10-27,단체권,271,573
2022-10-27,일일권(비회원),684,1107
2022-10-27,일일권(회원),13587,21753
2022-10-27,정기권,56532,140085
2022-10-28,단체권,461,936
2022-10-28,일일권(비회원),818,1371
2022-10-28,일일권(회원),15399,25830
2022-10-28,정기권,56247,138875
2022-10-29,단체권,1246,2890
2022-10-29,일일권(비회원),1090,2416
2022-10-29,일일권(회원),20269,38223
2022-10-29,정기권,48021,102780
2022-10-30,단체권,1273,2939
2022-10-30,일일권(비회원),1084,2317
2022-10-30,일일권(회원),19153,35225
2022-10-30,정기권,42713,86208
2022-10-31,단체권,350,657
2022-10-31,일일권(비회원),644,971
2022-10-31,일일권(회원),13231,20836
2022-10-31,정기권,55844,137640
2022-11-01,단체권,301,612
2022-11-01,일일권(비회원),617,919
2022-11-01,일일권(회원),12829,19709
2022-11-01,정기권,56848,141675
2022-11-02,단체권,271,580
2022-11-02,일일권(비회원),654,1025
2022-11-02,일일권(회원),12573,19165
2022-11-02,정기권,56892,140367
2022-11-03,단체권,233,528
2022-11-03,일일권(비회원),571,794
2022-11-03,일일권(회원),11038,16001
2022-11-03,정기권,54316,129346
2022-11-04,단체권,229,465
2022-11-04,일일권(비회원),503,707
2022-11-04,일일권(회원),9974,14199
2022-11-04,정기권,50629,112330
2022-11-05,단체권,689,1588
2022-11-05,일일권(비회원),759,1385
2022-11-05,일일권(회원),14453,23023
2022-11-05,정기권,42768,83293
2022-11-06,단체권,956,2175
2022-11-06,일일권(비회원),816,1591
2022-11-06,일일권(회원),15988,26217
2022-11-06,정기권,40334,76978
2022-11-07,단체권,224,410
2022-11-07,일일권(비회원),598,889
2022-11-07,일일권(회원),11696,17523
2022-11-07,정기권,54174,127849
2022-11-08,단체권,303,594
2022-11-08,일일권(비회원),601,888
2022-11-08,일일권(회원),12345,18893
2022-11-08,정기권,56654,137565
2022-11-09,단체권,254,494
2022-11-09,일일권(비회원),575,837
2022-11-09,일일권(회원),12407,18812
2022-11-09,정기권,56418,136959
2022-11-10,단체권,269,537
2022-11-10,일일권(비회원),667,1009
2022-11-10,일일권(회원),12858,19792
2022-11-10,정기권,56328,137516
2022-11-11,단체권,423,880
2022-11-11,일일권(비회원),749,1187
2022-11-11,일일권(회원),14830,24282
2022-11-11,정기권,57408,139480
2022-11-12,단체권,334,677
2022-11-12,일일권(비회원),493,697
2022-11-12,일일권(회원),9494,12970
2022-11-12,정기권,32415,52569
2022-11-13,단체권,595,1303
2022-11-13,일일권(비회원),642,1098
2022-11-13,일일권(회원),12023,18231
2022-11-13,정기권,36956,67241
2022-11-14,단체권,220,428
2022-11-14,일일권(비회원),513,690
2022-11-14,일일권(회원),10772,15467
2022-11-14,정기권,54146,124491
2022-11-15,단체권,144,273
2022-11-15,일일권(비회원),395,528
2022-11-15,일일권(회원),9068,12303
2022-11-15,정기권,51095,112069
2022-11-16,단체권,258,547
2022-11-16,일일권(비회원),538,788
2022-11-16,일일권(회원),11064,16265
2022-11-16,정기권,54100,124097
2022-11-17,단체권,370,809
2022-11-17,일일권(비회원),639,936
2022-11-17,일일권(회원),12752,19120
2022-11-17,정기권,54541,127710
2022-11-18,단체권,395,853
2022-11-18,일일권(비회원),739,1171
2022-11-18,일일권(회원),13979,22129
2022-11-18,정기권,55206,128146
2022-11-19,단체권,1006,2228
2022-11-19,일일권(비회원),935,1844
2022-11-19,일일권(회원),17389,30271
2022-11-19,정기권,45541,92470
2022-11-20,단체권,1152,2641
2022-11-20,일일권(비회원),915,1792
2022-11-20,일일권(회원),18244,32401
2022-11-20,정기권,42295,83092
2022-11-21,단체권,314,636
2022-11-21,일일권(비회원),614,962
2022-11-21,일일권(회원),11947,17917
2022-11-21,정기권,54412,128289
2022-11-22,단체권,198,423
2022-11-22,일일권(비회원),516,744
2022-11-22,일일권(회원),10793,15679
2022-11-22,정기권,53633,123893
2022-11-23,단체권,253,514
2022-11-23,일일권(비회원),596,884
2022-11-23,일일권(회원),11600,17133
2022-11-23,정기권,54840,129706
2022-11-24,단체권,246,505
2022-11-24,일일권(비회원),568,815
2022-11-24,일일권(회원),11771,17371
2022-11-24,정기권,54536,128240
2022-11-25,단체권,317,672
2022-11-25,일일권(비회원),676,1106
2022-11-25,일일권(회원),13278,21125
2022-11-25,정기권,53016,122260
2022-11-26,단체권,439,925
2022-11-26,일일권(비회원),586,901
2022-11-26,일일권(회원),11571,16954
2022-11-26,정기권,39098,71766
2022-11-27,단체권,571,1268
2022-11-27,일일권(비회원),610,968
2022-11-27,일일권(회원),11752,17431
2022-11-27,정기권,35392,63057
2022-11-28,단체권,81,141
2022-11-28,일일권(비회원),210,243
2022-11-28,일일권(회원),4681,5547
2022-11-28,정기권,31379,51104
2022-11-29,단체권,109,228
2022-11-29,일일권(비회원),308,394
2022-11-29,일일권(회원),6548,8474
2022-11-29,정기권,42410,83481
2022-11-30,단체권,31,70
2022-11-30,일일권(비회원),159,181
2022-11-30,일일권(회원),4489,5410
2022-11-30,정기권,37962,69685
2022-12-01,단체권,40,82
2022-12-01,일일권(비회원),157,186
2022-12-01,일일권(회원),4191,4984
2022-12-01,정기권,37811,69648
2022-12-02,단체권,81,181
2022-12-02,일일권(비회원),230,276
2022-12-02,일일권(회원),6011,7566
2022-12-02,정기권,40320,76043
2022-12-03,단체권,260,549
2022-12-03,일일권(비회원),365,481
2022-12-03,일일권(회원),7266,9746
2022-12-03,정기권,28971,47139
2022-12-04,단체권,154,303
2022-12-04,일일권(비회원),192,226
2022-12-04,일일권(회원),5137,6258
2022-12-04,정기권,24930,38085
2022-12-05,단체권,58,120
2022-12-05,일일권(비회원),217,251
2022-12-05,일일권(회원),4766,5829
2022-12-05,정기권,38445,71492
2022-12-06,단체권,98,199
2022-12-06,일일권(비회원),232,306
2022-12-06,일일권(회원),5496,6816
2022-12-06,정기권,39244,73508
2022-12-07,단체권,108,220
2022-12-07,일일권(비회원),261,342
2022-12-07,일일권(회원),6864,8882
2022-12-07,정기권,43581,86749
2022-12-08,단체권,130,271
2022-12-08,일일권(비회원),341,468
2022-12-08,일일권(회원),7659,10145
2022-12-08,정기권,44800,90092
2022-12-09,단체권,166,377
2022-12-09,일일권(비회원),358,465
2022-12-09,일일권(회원),8528,11652
2022-12-09,정기권,44541,89717
2022-12-10,단체권,321,672
2022-12-10,일일권(비회원),420,584
2022-12-10,일일권(회원),9036,12417
2022-12-10,정기권,34281,59286
2022-12-11,단체권,328,715
2022-12-11,일일권(비회원),381,523
2022-12-11,일일권(회원),8213,11093
2022-12-11,정기권,29458,47796
2022-12-12,단체권,81,162
2022-12-12,일일권(비회원),173,221
2022-12-12,일일권(회원),4393,5232
2022-12-12,정기권,32309,53483
2022-12-13,단체권,50,115
2022-12-13,일일권(비회원),138,153
2022-12-13,일일권(회원),3745,4398
2022-12-13,정기권,31871,52822
2022-12-14,단체권,34,72
2022-12-14,일일권(비회원),90,97
2022-12-14,일일권(회원),3239,3699
2022-12-14,정기권,30388,50615
2022-12-15,단체권,30,53
2022-12-15,일일권(비회원),79,87
2022-12-15,일일권(회원),2288,2503
2022-12-15,정기권,22975,34377
2022-12-16,단체권,51,116
2022-12-16,일일권(비회원),114,122
2022-12-16,일일권(회원),3058,3564
2022-12-16,정기권,24510,38149
2022-12-17,단체권,50,102
2022-12-17,일일권(비회원),138,155
2022-12-17,일일권(회원),3366,3917
2022-12-17,정기권,19264,27231
2022-12-18,단체권,51,102
2022-12-18,일일권(비회원),96,105
2022-12-18,일일권(회원),2756,3220
2022-12-18,정기권,16226,22041
2022-12-19,단체권,29,55
2022-12-19,일일권(비회원),131,142
2022-12-19,일일권(회원),3316,3791
2022-12-19,정기권,29100,47864
2022-12-20,단체권,48,118
2022-12-20,일일권(비회원),126,148
2022-12-20,일일권(회원),4376,5230
2022-12-20,정기권,33838,58785
2022-12-21,단체권,24,46
2022-12-21,일일권(비회원),74,82
2022-12-21,일일권(회원),2391,2715
2022-12-21,정기권,20141,28941
2022-12-22,단체권,22,44
2022-12-22,일일권(비회원),93,107
2022-12-22,일일권(회원),2521,2861
2022-12-22,정기권,23680,36861
2022-12-23,단체권,15,30
2022-12-23,일일권(비회원),66,73
2022-12-23,일일권(회원),2145,2397
2022-12-23,정기권,21139,31221
2022-12-24,단체권,46,93
2022-12-24,일일권(비회원),114,135
2022-12-24,일일권(회원),2814,3256
2022-12-24,정기권,18307,25127
2022-12-25,단체권,93,198
2022-12-25,일일권(비회원),130,163
2022-12-25,일일권(회원),3139,3768
2022-12-25,정기권,16168,21493
2022-12-26,단체권,66,137
2022-12-26,일일권(비회원),134,148
2022-12-26,일일권(회원),3791,4562
2022-12-26,정기권,29271,47735
2022-12-27,단체권,70,142
2022-12-27,일일권(비회원),178,217
2022-12-27,일일권(회원),4253,5064
2022-12-27,정기권,31843,53466
2022-12-28,단체권,50,102
2022-12-28,일일권(비회원),156,189
2022-12-28,일일권(회원),4018,4773
2022-12-28,정기권,29798,48948
2022-12-29,단체권,84,184
2022-12-29,일일권(비회원),170,195
2022-12-29,일일권(회원),4496,5468
2022-12-29,정기권,31137,51545
2022-12-30,단체권,112,233
2022-12-30,일일권(비회원),177,215
2022-12-30,일일권(회원),4841,5951
2022-12-30,정기권,30528,49659
2022-12-31,단체권,160,331
2022-12-31,일일권(비회원),218,274
2022-12-31,일일권(회원),5287,6720
2022-12-31,정기권,23812,35022
2023-01-01,단체권,253,564
2023-01-01,일일권(비회원),263,396
2023-01-01,일일권(회원),5948,7812
2023-01-01,정기권,20514,29255
2023-01-02,단체권,60,116
2023-01-02,일일권(비회원),100,114
2023-01-02,일일권(회원),3998,4685
2023-01-02,정기권,30935,51679
2023-01-03,단체권,56,112
2023-01-03,일일권(비회원),159,181
2023-01-03,일일권(회원),4007,4744
2023-01-03,정기권,33084,56203
2023-01-04,단체권,81,157
2023-01-04,일일권(비회원),183,222
2023-01-04,일일권(회원),4883,5956
2023-01-04,정기권,35048,61370
2023-01-05,단체권,97,183
2023-01-05,일일권(비회원),188,221
2023-01-05,일일권(회원),4951,6026
2023-01-05,정기권,35425,62267
2023-01-06,단체권,62,116
2023-01-06,일일권(비회원),178,230
2023-01-06,일일권(회원),5147,6223
2023-01-06,정기권,33496,56540
2023-01-07,단체권,129,268
2023-01-07,일일권(비회원),238,316
2023-01-07,일일권(회원),4948,6259
2023-01-07,정기권,23829,35642
2023-01-08,단체권,227,479
2023-01-08,일일권(비회원),283,378
2023-01-08,일일권(회원),6232,8092
2023-01-08,정기권,24015,35661
2023-01-09,단체권,128,257
2023-01-09,일일권(비회원),194,237
2023-01-09,일일권(회원),5977,7500
2023-01-09,정기권,36786,66138
2023-01-10,단체권,176,366
2023-01-10,일일권(비회원),281,375
2023-01-10,일일권(회원),6629,8511
2023-01-10,정기권,38787,71348
2023-01-11,단체권,177,377
2023-01-11,일일권(비회원),297,416
2023-01-11,일일권(회원),6664,8606
2023-01-11,정기권,39384,72587
2023-01-12,단체권,219,493
2023-01-12,일일권(비회원),327,461
2023-01-12,일일권(회원),7851,10625
2023-01-12,정기권,40603,76014
2023-01-13,단체권,28,55
2023-01-13,일일권(비회원),59,64
2023-01-13,일일권(회원),1797,1971
2023-01-13,정기권,14445,18700
2023-01-14,단체권,81,155
2023-01-14,일일권(비회원),141,176
2023-01-14,일일권(회원),2921,3401
2023-01-14,정기권,16907,22164
2023-01-15,단체권,83,173
2023-01-15,일일권(비회원),145,170
2023-01-15,일일권(회원),2634,3049
2023-01-15,정기권,13908,18022
2023-01-16,단체권,50,107
2023-01-16,일일권(비회원),153,174
2023-01-16,일일권(회원),4246,5125
2023-01-16,정기권,32811,55903
2023-01-17,단체권,93,191
2023-01-17,일일권(비회원),159,199
2023-01-17,일일권(회원),4740,5699
2023-01-17,정기권,35082,61245
2023-01-18,단체권,98,197
2023-01-18,일일권(비회원),176,220
2023-01-18,일일권(회원),5342,6544
2023-01-18,정기권,36340,64396
2023-01-19,단체권,75,155
2023-01-19,일일권(비회원),163,186
2023-01-19,일일권(회원),5313,6465
2023-01-19,정기권,35447,61551
2023-01-20,단체권,46,98
2023-01-20,일일권(비회원),137,155
2023-01-20,일일권(회원),3950,4626
2023-01-20,정기권,29138,46518
2023-01-21,단체권,141,299
2023-01-21,일일권(비회원),149,185
2023-01-21,일일권(회원),3996,4729
2023-01-21,정기권,18366,25013
2023-01-22,단체권,186,403
2023-01-22,일일권(비회원),162,216
2023-01-22,일일권(회원),3792,4503
2023-01-22,정기권,13848,17630
2023-01-23,단체권,223,493
2023-01-23,일일권(비회원),209,280
2023-01-23,일일권(회원),4705,5634
2023-01-23,정기권,18088,24473
2023-01-24,단체권,14,26
2023-01-24,일일권(비회원),52,59
2023-01-24,일일권(회원),1420,1558
2023-01-24,정기권,11026,13622
2023-01-25,단체권,19,42
2023-01-25,일일권(비회원),66,72
2023-01-25,일일권(회원),2176,2441
2023-01-25,정기권,23746,35773
2023-01-26,단체권,22,51
2023-01-26,일일권(비회원),44,49
2023-01-26,일일권(회원),1543,1713
2023-01-26,정기권,16532,22526
2023-01-27,단체권,19,37
2023-01-27,일일권(비회원),76,86
2023-01-27,일일권(회원),2421,2739
2023-01-27,정기권,24499,37358
2023-01-28,단체권,72,155
2023-01-28,일일권(비회원),160,198
2023-01-28,일일권(회원),3699,4418
2023-01-28,정기권,21789,31118
2023-01-29,단체권,201,461
2023-01-29,일일권(비회원),210,272
2023-01-29,일일권(회원),5060,6269
2023-01-29,정기권,22052,31343
2023-01-30,단체권,84,166
2023-01-30,일일권(비회원),172,212
2023-01-30,일일권(회원),5027,6180
2023-01-30,정기권,34530,59053
2023-01-31,단체권,129,259
2023-01-31,일일권(비회원),212,287
2023-01-31,일일권(회원),6054,7605
2023-01-31,정기권,37395,66677
2023-02-01,단체권,108,247
2023-02-01,일일권(비회원),224,276
2023-02-01,일일권(회원),5589,6900
2023-02-01,정기권,36968,65051
2023-02-02,단체권,122,255
2023-02-02,일일권(비회원),194,247
2023-02-02,일일권(회원),5208,6367
2023-02-02,정기권,36422,63882
2023-02-03,단체권,116,237
2023-02-03,일일권(비회원),227,279
2023-02-03,일일권(회원),5997,7533
2023-02-03,정기권,36894,64639
2023-02-04,단체권,283,635
2023-02-04,일일권(비회원),327,450
2023-02-04,일일권(회원),7707,10156
2023-02-04,정기권,29770,46696
2023-02-05,단체권,383,839
2023-02-05,일일권(비회원),379,626
2023-02-05,일일권(회원),8240,11415
2023-02-05,정기권,26890,40926
2023-02-06,단체권,206,430
2023-02-06,일일권(비회원),276,370
2023-02-06,일일권(회원),6934,9095
2023-02-06,정기권,39047,71409
2023-02-07,단체권,159,352
2023-02-07,일일권(비회원),295,404
2023-02-07,일일권(회원),7403,9710
2023-02-07,정기권,40850,76059
2023-02-08,단체권,170,348
2023-02-08,일일권(비회원),321,405
2023-02-08,일일권(회원),7566,9955
2023-02-08,정기권,40724,76137
2023-02-09,단체권,206,416
2023-02-09,일일권(비회원),362,530
2023-02-09,일일권(회원),7998,10751
2023-02-09,정기권,41351,77913
2023-02-10,단체권,183,403
2023-02-10,일일권(비회원),271,338
2023-02-10,일일권(회원),6825,8801
2023-02-10,정기권,34892,59301
2023-02-11,단체권,470,1033
2023-02-11,일일권(비회원),462,733
2023-02-11,일일권(회원),10433,14926
2023-02-11,정기권,32842,53930
2023-02-12,단체권,493,1126
2023-02-12,일일권(비회원),490,818
2023-02-12,일일권(회원),9830,13868
2023-02-12,정기권,28706,44879
2023-02-13,단체권,186,394
2023-02-13,일일권(비회원),355,511
2023-02-13,일일권(회원),8218,11139
2023-02-13,정기권,41868,79905
2023-02-14,단체권,195,413
2023-02-14,일일권(비회원),335,428
2023-02-14,일일권(회원),7699,10188
2023-02-14,정기권,41914,78937
2023-02-15,단체권,227,491
2023-02-15,일일권(비회원),383,550
2023-02-15,일일권(회원),8273,11114
2023-02-15,정기권,43080,82505
2023-02-16,단체권,163,336
2023-02-16,일일권(비회원),281,377
2023-02-16,일일권(회원),7229,9452
2023-02-16,정기권,41194,77227
2023-02-17,단체권,232,507
2023-02-17,일일권(비회원),437,616
2023-02-17,일일권(회원),9060,12661
2023-02-17,정기권,42815,81686
2023-02-18,단체권,426,944
2023-02-18,일일권(비회원),466,707
2023-02-18,일일권(회원),10205,14677
2023-02-18,정기권,33303,56090
2023-02-19,단체권,468,1029
2023-02-19,일일권(비회원),483,669
2023-02-19,일일권(회원),9308,12968
2023-02-19,정기권,27691,42933
2023-02-20,단체권,114,218
2023-02-20,일일권(비회원),235,303
2023-02-20,일일권(회원),5758,7283
2023-02-20,정기권,37788,67919
2023-02-21,단체권,146,308
2023-02-21,일일권(비회원),288,378
2023-02-21,일일권(회원),6224,7901
2023-02-21,정기권,39608,72996
2023-02-22,단체권,213,464
2023-02-22,일일권(비회원),343,456
2023-02-22,일일권(회원),7759,10209
2023-02-22,정기권,41918,79191
2023-02-23,단체권,200,426
2023-02-23,일일권(비회원),376,535
2023-02-23,일일권(회원),8308,11216
2023-02-23,정기권,42813,82539
2023-02-24,단체권,200,417
2023-02-24,일일권(비회원),381,518
2023-02-24,일일권(회원),8591,11682
2023-02-24,정기권,42060,79968
2023-02-25,단체권,431,973
2023-02-25,일일권(비회원),429,603
2023-02-25,일일권(회원),9294,12956
2023-02-25,정기권,32680,53488
2023-02-26,단체권,631,1480
2023-02-26,일일권(비회원),538,854
2023-02-26,일일권(회원),11064,16120
2023-02-26,정기권,30293,48403
2023-02-27,단체권,284,592
2023-02-27,일일권(비회원),409,615
2023-02-27,일일권(회원),9278,13095
2023-02-27,정기권,42995,83589
2023-02-28,단체권,250,547
2023-02-28,일일권(비회원),461,643
2023-02-28,일일권(회원),9744,13869
2023-02-28,정기권,44150,87136
2023-03-01,단체권,679,1599
2023-03-01,일일권(비회원),588,921
2023-03-01,일일권(회원),11986,17820
2023-03-01,정기권,34884,59297
2023-03-02,단체권,78,148
2023-03-02,일일권(비회원),334,416
2023-03-02,일일권(회원),7524,10045
2023-03-02,정기권,43394,84838
2023-03-03,단체권,26,45
2023-03-03,일일권(비회원),401,534
2023-03-03,일일권(회원),9585,13636
2023-03-03,정기권,45947,92998
2023-03-04,단체권,76,174
2023-03-04,일일권(비회원),733,1261
2023-03-04,일일권(회원),15242,25145
2023-03-04,정기권,38949,70705
2023-03-05,단체권,126,257
2023-03-05,일일권(비회원),782,1448
2023-03-05,일일권(회원),16934,29154
2023-03-05,정기권,36354,64278
2023-03-06,단체권,22,47
2023-03-06,일일권(비회원),504,690
2023-03-06,일일권(회원),10973,16355
2023-03-06,정기권,48876,104310
2023-03-07,단체권,18,31
2023-03-07,일일권(비회원),602,840
2023-03-07,일일권(회원),11970,18345
2023-03-07,정기권,51449,113276
2023-03-08,단체권,4,6
2023-03-08,일일권(비회원),498,700
2023-03-08,일일권(회원),10883,16296
2023-03-08,정기권,50527,109424
2023-03-09,단체권,2,3
2023-03-09,일일권(비회원),369,489
2023-03-09,일일권(회원),9293,13055
2023-03-09,정기권,46832,95751
2023-03-10,단체권,4,5
2023-03-10,일일권(비회원),659,1154
2023-03-10,일일권(회원),14326,24093
2023-03-10,정기권,51722,113569
2023-03-11,단체권,9,14
2023-03-11,일일권(비회원),1042,2462
2023-03-11,일일권(회원),20779,40933
2023-03-11,정기권,43767,86156
2023-03-12,단체권,1,2
2023-03-12,일일권(비회원),322,440
2023-03-12,일일권(회원),6638,9052
2023-03-12,정기권,21626,31425
2023-03-13,단체권,1,1
2023-03-13,일일권(비회원),386,488
2023-03-13,일일권(회원),7741,10345
2023-03-13,정기권,45700,92932
2023-03-14,단체권,3,3
2023-03-14,일일권(비회원),517,728
2023-03-14,일일권(회원),11118,16499
2023-03-14,정기권,51484,112788
2023-03-15,일일권(비회원),463,624
2023-03-15,일일권(회원),9686,13773
2023-03-15,정기권,50165,108619
2023-03-16,일일권(비회원),418,550
2023-03-16,일일권(회원),9052,12581
2023-03-16,정기권,49500,105419
2023-03-17,일일권(비회원),532,742
2023-03-17,일일권(회원),11772,17849
2023-03-17,정기권,50617,109511
2023-03-18,일일권(비회원),879,1708
2023-03-18,일일권(회원),17832,31213
2023-03-18,정기권,42550,81690
2023-03-19,단체권,1,1
2023-03-19,일일권(비회원),929,1851
2023-03-19,일일권(회원),19134,34914
2023-03-19,정기권,39501,73861
2023-03-20,일일권(비회원),552,872
2023-03-20,일일권(회원),11450,17418
2023-03-20,정기권,51217,113299
2023-03-21,일일권(비회원),649,1093
2023-03-21,일일권(회원),13642,22278
2023-03-21,정기권,54958,127060
2023-03-22,일일권(비회원),673,1100
2023-03-22,일일권(회원),14063,23582
2023-03-22,정기권,55576,129867
2023-03-23,일일권(비회원),699,1138
2023-03-23,일일권(회원),13759,22527
2023-03-23,정기권,54037,123089
2023-03-24,일일권(비회원),720,1186
2023-03-24,일일권(회원),14246,23220
2023-03-24,정기권,54950,124626
2023-03-25,일일권(비회원),1030,2342
2023-03-25,일일권(회원),20901,40324
2023-03-25,정기권,46583,94293
2023-03-26,일일권(비회원),996,2196
2023-03-26,일일권(회원),21420,39860
2023-03-26,정기권,41608,79231
2023-03-27,일일권(비회원),578,869
2023-03-27,일일권(회원),11757,17653
2023-03-27,정기권,53146,119462
2023-03-28,일일권(비회원),661,1126
2023-03-28,일일권(회원),13128,20968
2023-03-28,정기권,55962,129754
2023-03-29,일일권(비회원),680,1173
2023-03-29,일일권(회원),14553,24044
2023-03-29,정기권,57517,136176
2023-03-30,일일권(비회원),809,1436
2023-03-30,일일권(회원),15849,27153
2023-03-30,정기권,58035,138842
2023-03-31,일일권(비회원),925,1892
2023-03-31,일일권(회원),18217,33932
2023-03-31,정기권,58021,138065
2023-04-01,일일권(비회원),1381,4129
2023-04-01,일일권(회원),26763,61024
2023-04-01,정기권,49633,106824
2023-04-02,일일권(비회원),1411,4042
2023-04-02,일일권(회원),29082,67747
2023-04-02,정기권,47160,100626
2023-04-03,일일권(비회원),906,1852
2023-04-03,일일권(회원),17895,33483
2023-04-03,정기권,58663,145938
2023-04-04,일일권(비회원),589,911
2023-04-04,일일권(회원),11912,17603
2023-04-04,정기권,53362,118344
2023-04-05,일일권(비회원),73,83
2023-04-05,일일권(회원),1554,1681
2023-04-05,정기권,16311,21339
2023-04-06,일일권(비회원),217,271
2023-04-06,일일권(회원),4288,5116
2023-04-06,정기권,33772,56755
2023-04-07,일일권(비회원),622,1007
2023-04-07,일일권(회원),12778,19653
2023-04-07,정기권,53722,119979
2023-04-08,일일권(비회원),943,2036
2023-04-08,일일권(회원),19451,35282
2023-04-08,정기권,46737,94663
2023-04-09,단체권,2,2
2023-04-09,일일권(비회원),1073,2240
2023-04-09,일일권(회원),21843,41643
2023-04-09,정기권,44327,87446
2023-04-10,일일권(비회원),700,1156
2023-04-10,일일권(회원),14337,22960
2023-04-10,정기권,58008,139001
2023-04-11,일일권(비회원),354,439
2023-04-11,일일권(회원),7463,9837
2023-04-11,정기권,46957,95077
2023-04-12,일일권(비회원),577,776
2023-04-12,일일권(회원),11294,16557
2023-04-12,정기권,55341,126283
2023-04-13,일일권(비회원),624,883
2023-04-13,일일권(회원),11937,17995
2023-04-13,정기권,55985,130100
2023-04-14,일일권(비회원),860,1426
2023-04-14,일일권(회원),15742,26554
2023-04-14,정기권,58444,139806
2023-04-15,일일권(비회원),815,1336
2023-04-15,일일권(회원),14173,22708
2023-04-15,정기권,40081,73261
2023-04-16,일일권(비회원),841,1565
2023-04-16,일일권(회원),17296,29500
2023-04-16,정기권,42178,81121
2023-04-17,일일권(비회원),629,1003
2023-04-17,일일권(회원),13325,20581
2023-04-17,정기권,58518,139306
2023-04-18,일일권(비회원),525,701
2023-04-18,일일권(회원),10557,15034
2023-04-18,정기권,46258,90328
2023-04-19,일일권(비회원),801,1298
2023-04-19,일일권(회원),16419,27783
2023-04-19,정기권,61213,151665
2023-04-20,일일권(비회원),634,897
2023-04-20,일일권(회원),12735,19518
2023-04-20,정기권,56087,130377
2023-04-21,일일권(비회원),829,1397
2023-04-21,일일권(회원),16871,29082
2023-04-21,정기권,60170,147470
2023-04-22,일일권(비회원),1115,2437
2023-04-22,일일권(회원),22348,44807
2023-04-22,정기권,51254,110778
2023-04-23,일일권(비회원),1073,2261
2023-04-23,일일권(회원),21885,42024
2023-04-23,정기권,46661,96159
2023-04-24,일일권(비회원),724,1090
2023-04-24,일일권(회원),14196,22878
2023-04-24,정기권,59641,146655
2023-04-25,일일권(비회원),320,387
2023-04-25,일일권(회원),6229,7937
2023-04-25,정기권,41629,79881
2023-04-26,일일권(비회원),603,829
2023-04-26,일일권(회원),12045,18031
2023-04-26,정기권,57353,134702
2023-04-27,일일권(비회원),740,1251
2023-04-27,일일권(회원),15292,25377
2023-04-27,정기권,60383,147891
2023-04-28,단체권,1,1
2023-04-28,일일권(비회원),798,1405
2023-04-28,일일권(회원),15799,26609
2023-04-28,정기권,58416,137714
2023-04-29,일일권(비회원),424,612
2023-04-29,일일권(회원),7229,9671
2023-04-29,정기권,27027,41045
2023-04-30,일일권(비회원),976,2082
2023-04-30,일일권(회원),18659,32754
2023-04-30,정기권,41979,78285
2023-05-01,일일권(비회원),1078,2443
2023-05-01,일일권(회원),22300,44589
2023-05-01,정기권,53687,122130
2023-05-02,일일권(비회원),825,1545
2023-05-02,일일권(회원),15705,26706
2023-05-02,정기권,61357,153104
2023-05-03,일일권(비회원),891,1725
2023-05-03,일일권(회원),16906,29359
2023-05-03,정기권,63051,160613
2023-05-04,일일권(비회원),871,1586
2023-05-04,일일권(회원),15762,26402
2023-05-04,정기권,60683,149958
2023-05-05,일일권(비회원),123,145
2023-05-05,일일권(회원),2254,2599
2023-05-05,정기권,10607,12838
2023-05-06,일일권(비회원),329,443
2023-05-06,일일권(회원),5843,7694
2023-05-06,정기권,21201,29971
2023-05-07,일일권(비회원),976,1922
2023-05-07,일일권(회원),19098,33769
2023-05-07,정기권,44324,87057
2023-05-08,일일권(비회원),754,1295
2023-05-08,일일권(회원),15262,24800
2023-05-08,정기권,61211,152554
2023-05-09,일일권(비회원),747,1246
2023-05-09,일일권(회원),15462,25562
2023-05-09,정기권,62843,159561
2023-05-10,일일권(비회원),830,1396
2023-05-10,일일권(회원),15857,26586
2023-05-10,정기권,62842,160835
2023-05-11,일일권(비회원),782,1315
2023-05-11,일일권(회원),16028,27277
2023-05-11,정기권,62664,160070
2023-05-12,일일권(비회원),922,1818
2023-05-12,일일권(회원),18143,32726
2023-05-12,정기권,62658,156748
2023-05-13,일일권(비회원),1203,2959
2023-05-13,일일권(회원),23321,46983
2023-05-13,정기권,52623,114587
2023-05-14,단체권,2,2
2023-05-14,일일권(비회원),1160,2894
2023-05-14,일일권(회원),24972,51802
2023-05-14,정기권,49785,105139
2023-05-15,일일권(비회원),866,1514
2023-05-15,일일권(회원),16651,28519
2023-05-15,정기권,63819,161076
2023-05-16,일일권(비회원),816,1349
2023-05-16,일일권(회원),16022,26682
2023-05-16,정기권,64873,163681
2023-05-17,일일권(비회원),808,1413
2023-05-17,일일권(회원),16163,26900
2023-05-17,정기권,65021,165210
2023-05-18,일일권(비회원),685,1115
2023-05-18,일일권(회원),14246,22572
2023-05-18,정기권,62412,151545
2023-05-19,일일권(비회원),969,1820
2023-05-19,일일권(회원),18736,33977
2023-05-19,정기권,65136,164250
2023-05-20,일일권(비회원),1193,2876
2023-05-20,일일권(회원),24045,48864
2023-05-20,정기권,54151,118459
2023-05-21,일일권(비회원),1066,2406
2023-05-21,일일권(회원),22453,43472
2023-05-21,정기권,48784,100783
2023-05-22,일일권(비회원),761,1222
2023-05-22,일일권(회원),14592,23632
2023-05-22,정기권,63120,153978
2023-05-23,일일권(비회원),810,1373
2023-05-23,일일권(회원),16127,27057
2023-05-23,정기권,66781,170661
2023-05-24,일일권(비회원),830,1361
2023-05-24,일일권(회원),16020,26697
2023-05-24,정기권,66823,169646
2023-05-25,일일권(비회원),826,1336
2023-05-25,일일권(회원),15950,26630
2023-05-25,정기권,66354,166937
2023-05-26,일일권(비회원),935,1690
2023-05-26,일일권(회원),17918,30929
2023-05-26,정기권,65276,162812
2023-05-27,일일권(비회원),276,352
2023-05-27,일일권(회원),5141,6643
2023-05-27,정기권,18668,24645
2023-05-28,일일권(비회원),34,36
2023-05-28,일일권(회원),573,616
2023-05-28,정기권,3874,4340
2023-05-29,일일권(비회원),988,2023
2023-05-29,일일권(회원),20098,36228
2023-05-29,정기권,49965,103824
2023-05-30,일일권(비회원),746,1201
2023-05-30,일일권(회원),15018,23950
2023-05-30,정기권,65645,163464
2023-05-31,일일권(비회원),745,1190
2023-05-31,일일권(회원),15831,25891
2023-05-31,정기권,67034,169240
2023-06-01,일일권(비회원),859,1437
2023-06-01,일일권(회원),16085,26940
2023-06-01,정기권,67447,170780
2023-06-02,일일권(비회원),904,1641
2023-06-02,일일권(회원),17821,31028
2023-06-02,정기권,67379,169330
2023-06-03,단체권,1,1
2023-06-03,일일권(비회원),1198,2859
2023-06-03,일일권(회원),23155,46592
2023-06-03,정기권,55183,121311
2023-06-04,일일권(비회원),1205,2891
2023-06-04,일일권(회원),23011,45847
2023-06-04,정기권,50815,106637
2023-06-05,일일권(비회원),1009,1952
2023-06-05,일일권(회원),19217,34678
2023-06-05,정기권,64565,157673
2023-06-06,일일권(비회원),1198,2638
2023-06-06,일일권(회원),23171,45703
2023-06-06,정기권,54349,119024
2023-06-07,일일권(비회원),825,1341
2023-06-07,일일권(회원),15064,24597
2023-06-07,정기권,67836,170646
2023-06-08,일일권(비회원),633,912
2023-06-08,일일권(회원),12539,18794
2023-06-08,정기권,63450,149479
2023-06-09,일일권(비회원),868,1511
2023-06-09,일일권(회원),16404,27648
2023-06-09,정기권,66498,163924
2023-06-10,일일권(비회원),1009,1947
2023-06-10,일일권(회원),18093,31472
2023-06-10,정기권,52727,108501
2023-06-11,일일권(비회원),984,1927
2023-06-11,일일권(회원),19230,34216
2023-06-11,정기권,47877,95127
2023-06-12,일일권(비회원),781,1292
2023-06-12,일일권(회원),14177,22463
2023-06-12,정기권,65539,159611
2023-06-13,일일권(비회원),861,1398
2023-06-13,일일권(회원),15826,26099
2023-06-13,정기권,69162,176085
2023-06-14,일일권(비회원),766,1269
2023-06-14,일일권(회원),14559,23306
2023-06-14,정기권,67080,164985
2023-06-15,일일권(비회원),797,1300
2023-06-15,일일권(회원),15956,26367
2023-06-15,정기권,67918,171595
2023-06-16,일일권(비회원),887,1544
2023-06-16,일일권(회원),17270,30163
2023-06-16,정기권,67174,168694
2023-06-17,일일권(비회원),1133,2428
2023-06-17,일일권(회원),21452,40922
2023-06-17,정기권,55569,121529
2023-06-18,단체권,1,1
2023-06-18,일일권(비회원),1057,2042
2023-06-18,일일권(회원),19504,35696
2023-06-18,정기권,49519,102593
2023-06-19,일일권(비회원),748,1187
2023-06-19,일일권(회원),13804,22350
2023-06-19,정기권,64657,158336
2023-06-20,일일권(비회원),639,955
2023-06-20,일일권(회원),11852,17292
2023-06-20,정기권,62676,143537
2023-06-21,일일권(비회원),387,538
2023-06-21,일일권(회원),7729,10445
2023-06-21,정기권,44511,82568
2023-06-22,일일권(비회원),841,1435
2023-06-22,일일권(회원),15581,25874
2023-06-22,정기권,67332,165071
2023-06-23,일일권(비회원),870,1576
2023-06-23,일일권(회원),17168,29881
2023-06-23,정기권,66698,165059
2023-06-24,일일권(비회원),1049,2134
2023-06-24,일일권(회원),19664,36651
2023-06-24,정기권,54529,117143
2023-06-25,일일권(비회원),1008,1943
2023-06-25,일일권(회원),18178,32712
2023-06-25,정기권,48762,98905
2023-06-26,일일권(비회원),313,397
2023-06-26,일일권(회원),4959,6156
2023-06-26,정기권,33018,52734
2023-06-27,일일권(비회원),757,1242
2023-06-27,일일권(회원),13875,21829
2023-06-27,정기권,65444,156716
2023-06-28,일일권(비회원),766,1256
2023-06-28,일일권(회원),14373,23170
2023-06-28,정기권,66413,161500
2023-06-29,일일권(비회원),182,212
2023-06-29,일일권(회원),3242,3829
2023-06-29,정기권,22714,31283
2023-06-30,일일권(비회원),715,1117
2023-06-30,일일권(회원),13207,20573
2023-06-30,정기권,60195,133559
2023-07-01,일일권(비회원),954,1891
2023-07-01,일일권(회원),17787,31123
2023-07-01,정기권,51482,105833
2023-07-02,일일권(비회원),984,1845
2023-07-02,일일권(회원),17851,31285
2023-07-02,정기권,49404,99384
2023-07-03,일일권(비회원),725,1126
2023-07-03,일일권(회원),13126,20673
2023-07-03,정기권,63124,149225
2023-07-04,일일권(비회원),299,351
2023-07-04,일일권(회원),6055,7482
2023-07-04,정기권,41843,71937
2023-07-05,일일권(비회원),761,1333
2023-07-05,일일권(회원),14444,23428
2023-07-05,정기권,63134,147176
2023-07-06,일일권(비회원),823,1427
2023-07-06,일일권(회원),14864,24317
2023-07-06,정기권,66144,159769
2023-07-07,일일권(비회원),903,1579
2023-07-07,일일권(회원),16903,29121
2023-07-07,정기권,66458,160505
2023-07-08,일일권(비회원),1048,2205
2023-07-08,일일권(회원),19879,36254
2023-07-08,정기권,54800,115963
2023-07-09,일일권(비회원),686,1122
2023-07-09,일일권(회원),11820,17946
2023-07-09,정기권,37383,62765
2023-07-10,일일권(비회원),720,1112
2023-07-10,일일권(회원),13538,21132
2023-07-10,정기권,60924,136908
2023-07-11,일일권(비회원),226,269
2023-07-11,일일권(회원),4417,5353
2023-07-11,정기권,32834,51194
2023-07-12,일일권(비회원),660,991
2023-07-12,일일권(회원),12996,19920
2023-07-12,정기권,63956,147502
2023-07-13,일일권(비회원),139,154
2023-07-13,일일권(회원),2998,3388
2023-07-13,정기권,26395,37620
2023-07-14,일일권(비회원),52,55
2023-07-14,일일권(회원),1439,1587
2023-07-14,정기권,17113,22581
2023-07-15,일일권(비회원),450,657
2023-07-15,일일권(회원),8020,10874
2023-07-15,정기권,35167,57862
2023-07-16,일일권(비회원),708,1142
2023-07-16,일일권(회원),12332,18877
2023-07-16,정기권,41429,73331
2023-07-17,일일권(비회원),627,947
2023-07-17,일일권(회원),11775,17528
2023-07-17,정기권,59024,128867
2023-07-18,일일권(비회원),514,698
2023-07-18,일일권(회원),10353,14848
2023-07-18,정기권,51831,102641
2023-07-19,일일권(비회원),688,1116
2023-07-19,일일권(회원),14235,22232
2023-07-19,정기권,64945,149873
2023-07-20,일일권(비회원),744,1151
2023-07-20,일일권(회원),14065,22019
2023-07-20,정기권,64080,146703
2023-07-21,일일권(비회원),662,1088
2023-07-21,일일권(회원),13787,21582
2023-07-21,정기권,61444,138189
2023-07-22,일일권(비회원),468,650
2023-07-22,일일권(회원),10420,14467
2023-07-22,정기권,40770,69640
2023-07-23,일일권(비회원),203,243
2023-07-23,일일권(회원),3858,4762
2023-07-23,정기권,19580,26831
2023-07-24,일일권(비회원),666,1033
2023-07-24,일일권(회원),13273,19927
2023-07-24,정기권,62488,140108
2023-07-25,일일권(비회원),558,859
2023-07-25,일일권(회원),12782,19001
2023-07-25,정기권,62301,138841
2023-07-26,일일권(비회원),562,849
2023-07-26,일일권(회원),11577,16768
2023-07-26,정기권,59406,128861
2023-07-27,일일권(비회원),642,1041
2023-07-27,일일권(회원),13169,20303
2023-07-27,정기권,61935,138547
2023-07-28,일일권(비회원),634,1023
2023-07-28,일일권(회원),13407,20609
2023-07-28,정기권,60071,131634
2023-07-29,일일권(비회원),818,1393
2023-07-29,일일권(회원),15268,25029
2023-07-29,정기권,48375,93509
2023-07-30,일일권(비회원),592,948
2023-07-30,일일권(회원),11157,16633
2023-07-30,정기권,37744,64280
2023-07-31,일일권(비회원),590,976
2023-07-31,일일권(회원),12121,18234
2023-07-31,정기권,58832,125866
2023-08-01,일일권(비회원),618,985
2023-08-01,일일권(회원),12426,18905
2023-08-01,정기권,60338,132869
2023-08-02,일일권(비회원),649,1028
2023-08-02,일일권(회원),12891,19491
2023-08-02,정기권,60360,132860
2023-08-03,일일권(비회원),629,1008
2023-08-03,일일권(회원),12419,18759
2023-08-03,정기권,59775,132477
2023-08-04,일일권(비회원),644,1006
2023-08-04,일일권(회원),12671,19314
2023-08-04,정기권,58614,127438
2023-08-05,일일권(비회원),741,1264
2023-08-05,일일권(회원),13947,22010
2023-08-05,정기권,46433,89052
2023-08-06,일일권(비회원),651,1078
2023-08-06,일일권(회원),12519,19553
2023-08-06,정기권,41743,75442
2023-08-07,일일권(비회원),539,781
2023-08-07,일일권(회원),11369,16926
2023-08-07,정기권,58654,127842
2023-08-08,일일권(비회원),596,911
2023-08-08,일일권(회원),11822,17608
2023-08-08,정기권,60413,135067
2023-08-09,일일권(비회원),607,975
2023-08-09,일일권(회원),11962,17842
2023-08-09,정기권,61718,136753
2023-08-10,일일권(비회원),42,45
2023-08-10,일일권(회원),803,879
2023-08-10,정기권,7383,8409
2023-08-11,일일권(비회원),158,188
2023-08-11,일일권(회원),4004,4691
2023-08-11,정기권,28781,42348
2023-08-12,일일권(비회원),641,1199
2023-08-12,일일권(회원),13559,20947
2023-08-12,정기권,44196,80636
2023-08-13,일일권(비회원),893,1758
2023-08-13,일일권(회원),17646,29735
2023-08-13,정기권,46549,87539
2023-08-14,일일권(비회원),741,1285
2023-08-14,일일권(회원),15160,24684
2023-08-14,정기권,60071,130380
2023-08-15,일일권(비회원),818,1515
2023-08-15,일일권(회원),17252,29592
2023-08-15,정기권,50479,100985
2023-08-16,일일권(비회원),681,1053
2023-08-16,일일권(회원),13846,21762
2023-08-16,정기권,64304,147068
2023-08-17,일일권(비회원),673,1028
2023-08-17,일일권(회원),13732,21390
2023-08-17,정기권,64846,148525
2023-08-18,일일권(비회원),686,1055
2023-08-18,일일권(회원),13417,20856
2023-08-18,정기권,62398,139783
2023-08-19,일일권(비회원),870,1633
2023-08-19,일일권(회원),17182,29148
2023-08-19,정기권,51739,103519
2023-08-20,일일권(비회원),808,1467
2023-08-20,일일권(회원),16885,28329
2023-08-20,정기권,48134,92795
2023-08-21,일일권(비회원),658,973
2023-08-21,일일권(회원),12762,19499
2023-08-21,정기권,63363,143506
2023-08-22,일일권(비회원),358,445
2023-08-22,일일권(회원),7087,9266
2023-08-22,정기권,48993,91965
2023-08-23,일일권(비회원),201,229
2023-08-23,일일권(회원),3602,4143
2023-08-23,정기권,33729,53467
2023-08-24,일일권(비회원),623,959
2023-08-24,일일권(회원),12029,17878
2023-08-24,정기권,60485,129903
2023-08-25,일일권(비회원),819,1391
2023-08-25,일일권(회원),15924,26215
2023-08-25,정기권,64538,145984
2023-08-26,일일권(비회원),986,2039
2023-08-26,일일권(회원),19589,35182
2023-08-26,정기권,54678,112203
2023-08-27,일일권(비회원),917,1749
2023-08-27,일일권(회원),18081,30706
2023-08-27,정기권,48641,93558
2023-08-28,일일권(비회원),291,365
2023-08-28,일일권(회원),6015,7514
2023-08-28,정기권,36836,59034
2023-08-29,일일권(비회원),275,337
2023-08-29,일일권(회원),5013,6172
2023-08-29,정기권,35814,57454
2023-08-30,단체권,1,1
2023-08-30,일일권(비회원),356,448
2023-08-30,일일권(회원),7253,9472
2023-08-30,정기권,47769,90816
2023-08-31,일일권(비회원),776,1414
2023-08-31,일일권(회원),16092,26654
2023-08-31,정기권,67743,158994
2023-09-01,일일권(비회원),866,1616
2023-09-01,일일권(회원),17863,30914
2023-09-01,정기권,68735,163702
2023-09-02,일일권(비회원),1118,2508
2023-09-02,일일권(회원),22316,43538
2023-09-02,정기권,57034,121322
2023-09-03,일일권(비회원),987,2028
2023-09-03,일일권(회원),19611,35380
2023-09-03,정기권,49498,98928
2023-09-04,일일권(비회원),697,1175
2023-09-04,일일권(회원),14019,21849
2023-09-04,정기권,66136,155011
2023-09-05,일일권(비회원),664,1017
2023-09-05,일일권(회원),12923,19645
2023-09-05,정기권,65554,154033
2023-09-06,일일권(비회원),734,1138
2023-09-06,일일권(회원),14574,23055
2023-09-06,정기권,68116,163471
2023-09-07,일일권(비회원),585,876
2023-09-07,일일권(회원),12448,18429
2023-09-07,정기권,58556,112510
2023-09-08,일일권(비회원),895,1518
2023-09-08,일일권(회원),17523,30128
2023-09-08,정기권,68994,165023
2023-09-09,일일권(비회원),1088,2418
2023-09-09,일일권(회원),22110,42666
2023-09-09,정기권,57063,122246
2023-09-10,일일권(비회원),1094,2331
2023-09-10,일일권(회원),21781,41263
2023-09-10,정기권,53103,109934
2023-09-11,일일권(비회원),748,1269
2023-09-11,일일권(회원),15975,26546
2023-09-11,정기권,69650,171545
2023-09-12,일일권(비회원),799,1293
2023-09-12,일일권(회원),15811,25520
2023-09-12,정기권,70658,174347
2023-09-13,일일권(비회원),222,255
2023-09-13,일일권(회원),4157,4921
2023-09-13,정기권,31041,48082
2023-09-14,일일권(비회원),814,1406
2023-09-14,일일권(회원),15645,25078
2023-09-14,정기권,69506,168179
2023-09-15,일일권(비회원),627,902
2023-09-15,일일권(회원),11094,16013
2023-09-15,정기권,51191,99856
2023-09-16,일일권(비회원),644,1009
2023-09-16,일일권(회원),12065,17047
2023-09-16,정기권,43936,76586
2023-09-17,일일권(비회원),866,1752
2023-09-17,일일권(회원),18972,32279
2023-09-17,정기권,50736,101067
2023-09-18,일일권(비회원),821,1390
2023-09-18,일일권(회원),16246,26412
2023-09-18,정기권,70206,172538
2023-09-19,일일권(비회원),789,1315
2023-09-19,일일권(회원),15804,25158
2023-09-19,정기권,71110,176410
2023-09-20,일일권(비회원),211,261
2023-09-20,일일권(회원),3461,4056
2023-09-20,정기권,23655,33463
2023-09-21,일일권(비회원),780,1271
2023-09-21,일일권(회원),16009,25717
2023-09-21,정기권,70552,171849
2023-09-22,일일권(비회원),954,1736
2023-09-22,일일권(회원),19314,34597
2023-09-22,정기권,70842,174666
2023-09-23,일일권(비회원),1235,3006
2023-09-23,일일권(회원),24755,51185
2023-09-23,정기권,59808,132265
2023-09-24,일일권(비회원),1145,2689
2023-09-24,일일권(회원),24697,49885
2023-09-24,정기권,54841,114808
2023-09-25,일일권(비회원),647,976
2023-09-25,일일권(회원),12932,19143
2023-09-25,정기권,62190,137272
2023-09-26,일일권(비회원),89,95
2023-09-26,일일권(회원),1826,2017
2023-09-26,정기권,18740,25031
2023-09-27,일일권(비회원),630,914
2023-09-27,일일권(회원),13230,19979
2023-09-27,정기권,57520,120464
2023-09-28,일일권(비회원),998,2053
2023-09-28,일일권(회원),19733,34434
2023-09-28,정기권,47118,89568
2023-09-29,일일권(비회원),1076,2487
2023-09-29,일일권(회원),20027,34247
2023-09-29,정기권,39012,67252
2023-09-30,일일권(비회원),909,1938
2023-09-30,일일권(회원),17919,29679
2023-09-30,정기권,40942,72075
2023-10-01,일일권(비회원),1218,3182
2023-10-01,일일권(회원),25172,49912
2023-10-01,정기권,49867,97924
2023-10-02,일일권(비회원),1213,3229
2023-10-02,일일권(회원),26357,54944
2023-10-02,정기권,54304,112859
2023-10-03,일일권(비회원),1152,2595
2023-10-03,일일권(회원),24423,47813
2023-10-03,정기권,55376,116646
2023-10-04,일일권(비회원),531,708
2023-10-04,일일권(회원),10598,14685
2023-10-04,정기권,56880,117142
2023-10-05,일일권(비회원),730,1106
2023-10-05,일일권(회원),14758,22997
2023-10-05,정기권,68491,161975
2023-10-06,일일권(비회원),852,1533
2023-10-06,일일권(회원),17548,29796
2023-10-06,정기권,69929,168742
2023-10-07,일일권(비회원),1226,3077
2023-10-07,일일권(회원),24240,47584
2023-10-07,정기권,58535,126323
2023-10-08,일일권(비회원),1104,2670
2023-10-08,일일권(회원),21690,39698
2023-10-08,정기권,50385,99243
2023-10-09,일일권(비회원),1057,2306
2023-10-09,일일권(회원),22421,41615
2023-10-09,정기권,52475,107207
2023-10-10,일일권(비회원),844,1418
2023-10-10,일일권(회원),15954,25677
2023-10-10,정기권,69606,168189
2023-10-11,일일권(비회원),828,1426
2023-10-11,일일권(회원),16790,27755
2023-10-11,정기권,71114,174990
2023-10-12,일일권(비회원),857,1466
2023-10-12,일일권(회원),16760,27487
2023-10-12,정기권,70285,172439
2023-10-13,일일권(비회원),959,1788
2023-10-13,일일권(회원),18180,30980
2023-10-13,정기권,69893,170890
2023-10-14,일일권(비회원),818,1502
2023-10-14,일일권(회원),15529,25387
2023-10-14,정기권,45485,84747
2023-10-15,일일권(비회원),1094,2497
2023-10-15,일일권(회원),23262,44288
2023-10-15,정기권,54214,112544
2023-10-16,일일권(비회원),717,1103
2023-10-16,일일권(회원),15024,23786
2023-10-16,정기권,68404,164851
2023-10-17,일일권(비회원),715,1124
2023-10-17,일일권(회원),15004,23493
2023-10-17,정기권,69168,167156
2023-10-18,일일권(비회원),781,1302
2023-10-18,일일권(회원),15487,24594
2023-10-18,정기권,69268,168021
2023-10-19,일일권(비회원),540,780
2023-10-19,일일권(회원),10213,14387
2023-10-19,정기권,52360,103030
2023-10-20,일일권(비회원),712,1133
2023-10-20,일일권(회원),14301,21977
2023-10-20,정기권,64606,147132
2023-10-21,일일권(비회원),912,1740
2023-10-21,일일권(회원),18055,30183
2023-10-21,정기권,50959,100575
2023-10-22,일일권(비회원),998,2046
2023-10-22,일일권(회원),19710,33891
2023-10-22,정기권,49885,98126
2023-10-23,일일권(비회원),712,1177
2023-10-23,일일권(회원),14405,22449
2023-10-23,정기권,67402,160491
2023-10-24,일일권(비회원),745,1242
2023-10-24,일일권(회원),14306,21746
2023-10-24,정기권,68580,164774
2023-10-25,일일권(비회원),748,1260
2023-10-25,일일권(회원),15342,24164
2023-10-25,정기권,69400,167351
2023-10-26,일일권(비회원),664,1043
2023-10-26,일일권(회원),12634,18637
2023-10-26,정기권,63319,144873
2023-10-27,일일권(비회원),842,1640
2023-10-27,일일권(회원),16942,28101
2023-10-27,정기권,67993,162522
2023-10-28,일일권(비회원),1086,2416
2023-10-28,일일권(회원),21544,39799
2023-10-28,정기권,56565,118548
2023-10-29,일일권(비회원),1034,2248
2023-10-29,일일권(회원),21687,39392
2023-10-29,정기권,52337,105809
2023-10-30,일일권(비회원),774,1285
2023-10-30,일일권(회원),14787,23243
2023-10-30,정기권,67772,162424
2023-10-31,일일권(비회원),760,1250
2023-10-31,일일권(회원),15044,23659
2023-10-31,정기권,69223,168195
2023-11-01,일일권(비회원),787,1243
2023-11-01,일일권(회원),14291,22307
2023-11-01,정기권,68013,164435
2023-11-02,일일권(비회원),847,1455
2023-11-02,일일권(회원),16417,26876
2023-11-02,정기권,70618,174260
2023-11-03,일일권(비회원),716,1089
2023-11-03,일일권(회원),13277,20056
2023-11-03,정기권,62315,139280
2023-11-04,일일권(비회원),1089,2482
2023-11-04,일일권(회원),21544,38976
2023-11-04,정기권,56827,119561
2023-11-05,일일권(비회원),501,748
2023-11-05,일일권(회원),8531,11592
2023-11-05,정기권,30556,46934
2023-11-06,일일권(비회원),163,187
2023-11-06,일일권(회원),3004,3453
2023-11-06,정기권,28888,44056
2023-11-07,일일권(비회원),437,567
2023-11-07,일일권(회원),9015,11876
2023-11-07,정기권,58920,125930
2023-11-08,일일권(비회원),581,868
2023-11-08,일일권(회원),11348,16042
2023-11-08,정기권,63407,142184
2023-11-09,일일권(비회원),529,790
2023-11-09,일일권(회원),9941,13674
2023-11-09,정기권,57606,119804
2023-11-10,일일권(비회원),469,652
2023-11-10,일일권(회원),9650,13178
2023-11-10,정기권,56380,115816
2023-11-11,일일권(비회원),505,755
2023-11-11,일일권(회원),9774,13384
2023-11-11,정기권,42105,73653
2023-11-12,일일권(비회원),469,676
2023-11-12,일일권(회원),8129,10511
2023-11-12,정기권,35027,57086
2023-11-13,일일권(비회원),365,487
2023-11-13,일일권(회원),7144,9126
2023-11-13,정기권,54194,108248
2023-11-14,일일권(비회원),438,586
2023-11-14,일일권(회원),8816,11761
2023-11-14,정기권,58815,123916
2023-11-15,일일권(비회원),537,779
2023-11-15,일일권(회원),10519,14841
2023-11-15,정기권,60882,131743
2023-11-16,일일권(비회원),225,275
2023-11-16,일일권(회원),3910,4689
2023-11-16,정기권,33550,53078
2023-11-17,일일권(비회원),368,481
2023-11-17,일일권(회원),7200,9353
2023-11-17,정기권,50423,96267
2023-11-18,일일권(비회원),400,567
2023-11-18,일일권(회원),7882,10310
2023-11-18,정기권,37975,63145
2023-11-19,일일권(비회원),600,911
2023-11-19,일일권(회원),11116,15846
2023-11-19,정기권,39886,67821
2023-11-20,일일권(비회원),475,678
2023-11-20,일일권(회원),9629,13194
2023-11-20,정기권,57984,119663
2023-11-21,일일권(비회원),501,709
2023-11-21,일일권(회원),10361,14201
2023-11-21,정기권,60228,127753
2023-11-22,일일권(비회원),530,712
2023-11-22,일일권(회원),11423,15965
2023-11-22,정기권,61451,132266
2023-11-23,일일권(비회원),455,658
2023-11-23,일일권(회원),9480,12662
2023-11-23,정기권,57040,117829
2023-11-24,일일권(비회원),337,441
2023-11-24,일일권(회원),6496,8120
2023-11-24,정기권,48905,91329
2023-11-25,일일권(비회원),364,493
2023-11-25,일일권(회원),7437,9603
2023-11-25,정기권,36835,60457
2023-11-26,일일권(비회원),460,635
2023-11-26,일일권(회원),8664,11829
2023-11-26,정기권,35972,58594
2023-11-27,일일권(비회원),237,287
2023-11-27,일일권(회원),5333,6576
2023-11-27,정기권,40882,70832
2023-11-28,일일권(비회원),303,375
2023-11-28,일일권(회원),6618,8213
2023-11-28,정기권,52094,100557
2023-11-29,일일권(비회원),246,294
2023-11-29,일일권(회원),5813,7111
2023-11-29,정기권,49381,92785
2023-11-30,일일권(비회원),214,245
2023-11-30,일일권(회원),4870,5802
2023-11-30,정기권,45488,82300
2023-12-01,일일권(비회원),244,289
2023-12-01,일일권(회원),5836,7163
2023-12-01,정기권,46523,85038
2023-12-02,일일권(비회원),382,498
2023-12-02,일일권(회원),7844,10205
2023-12-02,정기권,37607,62099
2023-12-03,일일권(비회원),376,514
2023-12-03,일일권(회원),7825,10189
2023-12-03,정기권,33745,53466
2023-12-04,일일권(비회원),315,424
2023-12-04,일일권(회원),7211,9296
2023-12-04,정기권,51641,99832
2023-12-05,일일권(비회원),381,528
2023-12-05,일일권(회원),8712,11532
2023-12-05,정기권,55460,112014
2023-12-06,일일권(비회원),218,255
2023-12-06,일일권(회원),5689,6920
2023-12-06,정기권,45077,81178
2023-12-07,일일권(비회원),392,516
2023-12-07,일일권(회원),8875,11647
2023-12-07,정기권,54385,108062
2023-12-08,일일권(비회원),524,741
2023-12-08,일일권(회원),11511,16402
2023-12-08,정기권,56229,114749
2023-12-09,일일권(비회원),725,1285
2023-12-09,일일권(회원),14221,21966
2023-12-09,정기권,45235,81653
2023-12-10,일일권(비회원),656,1096
2023-12-10,일일권(회원),13679,20682
2023-12-10,정기권,40041,68906
2023-12-11,일일권(비회원),84,98
2023-12-11,일일권(회원),1663,1841
2023-12-11,정기권,15242,19257
2023-12-12,일일권(비회원),349,455
2023-12-12,일일권(회원),7935,10322
2023-12-12,정기권,50273,96670
2023-12-13,일일권(비회원),427,608
2023-12-13,일일권(회원),9342,12613
2023-12-13,정기권,54641,108873
2023-12-14,일일권(비회원),105,114
2023-12-14,일일권(회원),2266,2524
2023-12-14,정기권,22101,29889
2023-12-15,일일권(비회원),114,133
2023-12-15,일일권(회원),2205,2451
2023-12-15,정기권,20195,26907
2023-12-16,일일권(비회원),121,133
2023-12-16,일일권(회원),3188,3682
2023-12-16,정기권,22462,31243
2023-12-17,일일권(비회원),128,145
2023-12-17,일일권(회원),2804,3215
2023-12-17,정기권,19635,26540
2023-12-18,일일권(비회원),121,142
2023-12-18,일일권(회원),3308,3802
2023-12-18,정기권,35785,58303
2023-12-19,일일권(비회원),116,132
2023-12-19,일일권(회원),3743,4326
2023-12-19,정기권,37776,61693
2023-12-20,일일권(비회원),59,61
2023-12-20,일일권(회원),2276,2513
2023-12-20,정기권,27021,40245
2023-12-21,일일권(비회원),65,77
2023-12-21,일일권(회원),2261,2494
2023-12-21,정기권,28402,42780
2023-12-22,일일권(비회원),98,112
2023-12-22,일일권(회원),2742,3057
2023-12-22,정기권,29162,43766
2023-12-23,일일권(비회원),171,210
2023-12-23,일일권(회원),4012,4740
2023-12-23,정기권,25227,36376
2023-12-24,일일권(비회원),159,181
2023-12-24,일일권(회원),3367,3998
2023-12-24,정기권,17806,23412
2023-12-25,일일권(비회원),142,185
2023-12-25,일일권(회원),3198,3883
2023-12-25,정기권,17676,23261
2023-12-26,일일권(비회원),204,261
2023-12-26,일일권(회원),5750,7121
2023-12-26,정기권,40123,67401
2023-12-27,일일권(비회원),263,320
2023-12-27,일일권(회원),6261,7801
2023-12-27,정기권,42948,74017
2023-12-28,일일권(비회원),254,321
2023-12-28,일일권(회원),6411,8147
2023-12-28,정기권,42688,73882
2023-12-29,일일권(비회원),310,413
2023-12-29,일일권(회원),7364,9610
2023-12-29,정기권,43069,74144
2023-12-30,일일권(비회원),77,84
2023-12-30,일일권(회원),1808,2038
2023-12-30,정기권,11016,13092
2023-12-31,일일권(비회원),187,231
2023-12-31,일일권(회원),3693,4413
2023-12-31,정기권,18216,24485
